-- --------------------------------------------------------
-- Hôte:                         127.0.0.1
-- Version du serveur:           5.7.33 - MySQL Community Server (GPL)
-- SE du serveur:                Win64
-- HeidiSQL Version:             11.2.0.6213
-- --------------------------------------------------------

/*!40101 SET @OLD_CHARACTER_SET_CLIENT=@@CHARACTER_SET_CLIENT */;
/*!40101 SET NAMES utf8 */;
/*!50503 SET NAMES utf8mb4 */;
/*!40014 SET @OLD_FOREIGN_KEY_CHECKS=@@FOREIGN_KEY_CHECKS, FOREIGN_KEY_CHECKS=0 */;
/*!40101 SET @OLD_SQL_MODE=@@SQL_MODE, SQL_MODE='NO_AUTO_VALUE_ON_ZERO' */;
/*!40111 SET @OLD_SQL_NOTES=@@SQL_NOTES, SQL_NOTES=0 */;

-- Listage de la structure de la table gsblaravel. etat
CREATE TABLE IF NOT EXISTS `etat` (
  `id` char(2) NOT NULL,
  `libelle` varchar(30) DEFAULT NULL,
  PRIMARY KEY (`id`)
) ENGINE=InnoDB DEFAULT CHARSET=latin1;

-- Listage des données de la table gsblaravel.etat : ~4 rows (environ)
DELETE FROM `etat`;
/*!40000 ALTER TABLE `etat` DISABLE KEYS */;
INSERT INTO `etat` (`id`, `libelle`) VALUES
	('CL', 'Saisie clôturée'),
	('CR', 'Fiche créée, saisie en cours'),
	('RB', 'Remboursée'),
	('VA', 'Validée et mise en paiement');
/*!40000 ALTER TABLE `etat` ENABLE KEYS */;

-- Listage de la structure de la table gsblaravel. fichefrais
CREATE TABLE IF NOT EXISTS `fichefrais` (
  `idVisiteur` char(4) NOT NULL,
  `mois` char(6) NOT NULL,
  `nbJustificatifs` int(11) DEFAULT NULL,
  `montantValide` decimal(10,2) DEFAULT NULL,
  `dateModif` date DEFAULT NULL,
  `idEtat` char(2) DEFAULT 'CR',
  `Archivage` int(11) DEFAULT '0',
  PRIMARY KEY (`idVisiteur`,`mois`),
  KEY `idEtat` (`idEtat`),
  CONSTRAINT `fichefrais_ibfk_1` FOREIGN KEY (`idEtat`) REFERENCES `etat` (`id`),
  CONSTRAINT `fichefrais_ibfk_2` FOREIGN KEY (`idVisiteur`) REFERENCES `visiteur` (`id`)
) ENGINE=InnoDB DEFAULT CHARSET=latin1;

-- Listage des données de la table gsblaravel.fichefrais : ~839 rows (environ)
DELETE FROM `fichefrais`;
/*!40000 ALTER TABLE `fichefrais` DISABLE KEYS */;
INSERT INTO `fichefrais` (`idVisiteur`, `mois`, `nbJustificatifs`, `montantValide`, `dateModif`, `idEtat`, `Archivage`) VALUES
	('a131', '201901', 8, 2900.07, '2019-03-08', 'RB', 1),
	('a131', '201902', 12, 3319.56, '2019-04-08', 'RB', 1),
	('a131', '201903', 1, 2663.97, '2019-05-04', 'RB', 1),
	('a131', '201904', 0, 2911.12, '2019-06-05', 'RB', 1),
	('a131', '201905', 11, 2267.65, '2019-07-08', 'RB', 1),
	('a131', '201906', 1, 2135.17, '2019-08-02', 'RB', 1),
	('a131', '201907', 1, 2042.28, '2019-09-07', 'RB', 1),
	('a131', '201908', 1, 1740.82, '2019-10-08', 'RB', 1),
	('a131', '201909', 8, 1588.24, '2019-11-08', 'RB', 1),
	('a131', '201910', 8, 2502.09, '2019-12-04', 'RB', 1),
	('a131', '201911', 9, 3472.49, '2020-01-07', 'RB', 1),
	('a131', '201912', 8, 2773.93, '2020-02-01', 'RB', 1),
	('a131', '202001', 2, 2820.47, '2020-03-03', 'RB', 1),
	('a131', '202002', 9, 2581.28, '2020-04-02', 'RB', 1),
	('a131', '202003', 3, 1885.36, '2020-05-06', 'RB', 1),
	('a131', '202004', 11, 3022.42, '2020-06-01', 'RB', 1),
	('a131', '202005', 10, 2119.06, '2020-07-01', 'RB', 1),
	('a131', '202006', 9, 1218.08, '2020-08-03', 'RB', 1),
	('a131', '202007', 0, 1937.44, '2020-09-07', 'RB', 1),
	('a131', '202008', 2, 4240.56, '2020-10-03', 'RB', 1),
	('a131', '202009', 9, 1972.99, '2020-11-06', 'RB', 1),
	('a131', '202010', 10, 2353.06, '2020-12-04', 'RB', 1),
	('a131', '202011', 2, 2628.46, '2021-01-03', 'RB', 1),
	('a131', '202012', 9, 2077.40, '2021-02-08', 'RB', 1),
	('a131', '202101', 3, 1719.02, '2021-03-03', 'RB', 1),
	('a131', '202102', 4, 1796.77, '2021-04-05', 'RB', 1),
	('a131', '202103', 1, 2088.18, '2021-05-04', 'RB', 1),
	('a131', '202104', 9, 2523.80, '2021-06-04', 'RB', 1),
	('a131', '202105', 6, 3583.00, '2021-07-03', 'RB', 1),
	('a131', '202106', 5, 2681.56, '2021-07-01', 'VA', 1),
	('a131', '202107', 11, 0.00, '2021-08-19', 'CL', 1),
	('a131', '202108', 0, 0.00, '2025-09-30', 'CL', 1),
	('a131', '202509', 0, 0.00, '2025-09-30', 'CR', 1),
	('a17', '201901', 1, 720.37, '2019-03-03', 'RB', 1),
	('a17', '201902', 12, 3700.13, '2019-04-07', 'RB', 1),
	('a17', '201903', 5, 2637.99, '2019-05-03', 'RB', 1),
	('a17', '201904', 9, 3267.76, '2019-06-04', 'RB', 1),
	('a17', '201905', 3, 1858.84, '2019-07-07', 'RB', 1),
	('a17', '201906', 6, 2374.65, '2019-08-08', 'RB', 1),
	('a17', '201907', 7, 1710.80, '2019-09-01', 'RB', 1),
	('a17', '201908', 0, 1706.03, '2019-10-03', 'RB', 1),
	('a17', '201909', 11, 2951.26, '2019-11-04', 'RB', 1),
	('a17', '201910', 8, 2936.95, '2019-12-07', 'RB', 1),
	('a17', '201911', 2, 3256.21, '2020-01-04', 'RB', 1),
	('a17', '201912', 2, 2774.14, '2020-02-04', 'RB', 1),
	('a17', '202001', 0, 3398.03, '2020-03-04', 'RB', 1),
	('a17', '202002', 10, 3336.85, '2020-04-05', 'RB', 1),
	('a17', '202003', 6, 2135.27, '2020-05-06', 'RB', 1),
	('a17', '202004', 4, 3171.56, '2020-06-01', 'RB', 1),
	('a17', '202005', 1, 2686.41, '2020-07-08', 'RB', 1),
	('a17', '202006', 1, 1248.27, '2020-08-04', 'RB', 1),
	('a17', '202007', 10, 1841.29, '2020-09-03', 'RB', 1),
	('a17', '202008', 11, 2452.60, '2020-10-04', 'RB', 1),
	('a17', '202009', 3, 2574.60, '2020-11-03', 'RB', 1),
	('a17', '202010', 11, 3196.09, '2020-12-06', 'RB', 1),
	('a17', '202011', 5, 1314.04, '2021-01-03', 'RB', 1),
	('a17', '202012', 11, 2173.81, '2021-02-08', 'RB', 1),
	('a17', '202101', 10, 1833.59, '2021-03-07', 'RB', 1),
	('a17', '202102', 3, 3283.56, '2021-04-05', 'RB', 1),
	('a17', '202103', 6, 3833.77, '2021-05-01', 'RB', 1),
	('a17', '202104', 9, 1511.85, '2021-06-06', 'RB', 1),
	('a17', '202105', 12, 1664.39, '2021-07-05', 'RB', 1),
	('a17', '202106', 8, 1620.98, '2021-07-04', 'VA', 1),
	('a17', '202107', 3, 0.00, '2021-07-06', 'CR', 1),
	('a55', '201901', 3, 2604.10, '2019-03-06', 'RB', 1),
	('a55', '201902', 4, 2176.03, '2019-04-05', 'RB', 1),
	('a55', '201903', 0, 2922.60, '2019-05-04', 'RB', 1),
	('a55', '201904', 12, 1471.84, '2019-06-01', 'RB', 1),
	('a55', '201905', 4, 1846.89, '2019-07-06', 'RB', 1),
	('a55', '201906', 6, 4001.75, '2019-08-05', 'RB', 1),
	('a55', '201907', 12, 3321.80, '2019-09-01', 'RB', 1),
	('a55', '201908', 7, 2263.51, '2019-10-08', 'RB', 1),
	('a55', '201909', 1, 1525.54, '2019-11-03', 'RB', 1),
	('a55', '201910', 2, 2510.46, '2019-12-03', 'RB', 1),
	('a55', '201911', 8, 1705.45, '2020-01-01', 'RB', 1),
	('a55', '201912', 10, 2603.68, '2020-02-02', 'RB', 1),
	('a55', '202001', 10, 2163.89, '2020-03-07', 'RB', 1),
	('a55', '202002', 7, 3229.02, '2020-04-08', 'RB', 1),
	('a55', '202003', 5, 3490.70, '2020-05-05', 'RB', 1),
	('a55', '202004', 12, 2564.76, '2020-06-01', 'RB', 1),
	('a55', '202005', 8, 1313.57, '2020-07-05', 'RB', 1),
	('a55', '202006', 12, 2030.41, '2020-08-07', 'RB', 1),
	('a55', '202007', 5, 1911.15, '2020-09-07', 'RB', 1),
	('a55', '202008', 2, 1463.97, '2020-10-06', 'RB', 1),
	('a55', '202009', 12, 1079.20, '2020-11-05', 'RB', 1),
	('a55', '202010', 7, 3034.59, '2020-12-01', 'RB', 1),
	('a55', '202011', 0, 1947.94, '2021-01-01', 'RB', 1),
	('a55', '202012', 10, 858.93, '2021-02-05', 'RB', 1),
	('a55', '202101', 12, 2555.72, '2021-03-03', 'RB', 1),
	('a55', '202102', 9, 1088.96, '2021-04-02', 'RB', 1),
	('a55', '202103', 6, 2403.94, '2021-05-05', 'RB', 1),
	('a55', '202104', 12, 3023.80, '2021-06-05', 'RB', 1),
	('a55', '202105', 11, 2119.91, '2021-07-08', 'RB', 1),
	('a55', '202106', 7, 2291.13, '2021-07-02', 'VA', 1),
	('a55', '202107', 12, 0.00, '2025-11-18', 'CL', 1),
	('a55', '202511', 0, 0.00, '2025-11-18', 'CR', 1),
	('a93', '201901', 9, 3258.28, '2019-03-03', 'RB', 1),
	('a93', '201902', 11, 2921.56, '2019-04-08', 'RB', 1),
	('a93', '201903', 1, 1559.68, '2019-05-06', 'RB', 1),
	('a93', '201904', 9, 2351.98, '2019-06-07', 'RB', 1),
	('a93', '201905', 12, 2024.84, '2019-07-06', 'RB', 1),
	('a93', '201906', 4, 2320.63, '2019-08-04', 'RB', 1),
	('a93', '201907', 10, 2762.47, '2019-09-08', 'RB', 1),
	('a93', '201908', 0, 2837.23, '2019-10-03', 'RB', 1),
	('a93', '201909', 8, 1741.18, '2019-11-06', 'RB', 1),
	('a93', '201910', 7, 2813.84, '2019-12-02', 'RB', 1),
	('a93', '201911', 1, 1802.32, '2020-01-04', 'RB', 1),
	('a93', '201912', 3, 3105.56, '2020-02-06', 'RB', 1),
	('a93', '202001', 1, 1651.69, '2020-03-05', 'RB', 1),
	('a93', '202002', 11, 2561.83, '2020-04-04', 'RB', 1),
	('a93', '202003', 3, 2457.52, '2020-05-06', 'RB', 1),
	('a93', '202004', 9, 1864.76, '2020-06-02', 'RB', 1),
	('a93', '202005', 7, 2475.81, '2020-07-07', 'RB', 1),
	('a93', '202006', 6, 2659.14, '2020-08-05', 'RB', 1),
	('a93', '202007', 7, 1668.38, '2020-09-06', 'RB', 1),
	('a93', '202008', 7, 3911.93, '2020-10-01', 'RB', 1),
	('a93', '202009', 3, 2438.09, '2020-11-04', 'RB', 1),
	('a93', '202010', 9, 2222.61, '2020-12-05', 'RB', 1),
	('a93', '202011', 3, 1640.58, '2021-01-06', 'RB', 1),
	('a93', '202012', 1, 2077.69, '2021-02-05', 'RB', 1),
	('a93', '202101', 6, 3384.58, '2021-03-07', 'RB', 1),
	('a93', '202102', 8, 2009.36, '2021-04-08', 'RB', 1),
	('a93', '202103', 7, 2525.16, '2021-05-02', 'RB', 1),
	('a93', '202104', 7, 3476.00, '2021-06-01', 'RB', 1),
	('a93', '202105', 5, 1873.46, '2021-07-01', 'RB', 1),
	('a93', '202106', 9, 1359.50, '2021-07-07', 'VA', 1),
	('a93', '202107', 8, 0.00, '2021-07-02', 'CR', 1),
	('b13', '201901', 3, 2182.75, '2019-03-08', 'RB', 1),
	('b13', '201902', 10, 2337.59, '2019-04-07', 'RB', 1),
	('b13', '201903', 7, 2712.38, '2019-05-04', 'RB', 1),
	('b13', '201904', 11, 1661.11, '2019-06-02', 'RB', 1),
	('b13', '201905', 3, 3084.65, '2019-07-03', 'RB', 1),
	('b13', '201906', 7, 1626.77, '2019-08-04', 'RB', 1),
	('b13', '201907', 6, 3246.52, '2019-09-07', 'RB', 1),
	('b13', '201908', 9, 2963.03, '2019-10-05', 'RB', 1),
	('b13', '201909', 0, 1514.85, '2019-11-07', 'RB', 1),
	('b13', '201910', 11, 1458.78, '2019-12-03', 'RB', 1),
	('b13', '201911', 3, 2469.34, '2020-01-08', 'RB', 1),
	('b13', '201912', 2, 2817.20, '2020-02-07', 'RB', 1),
	('b13', '202001', 12, 2076.92, '2020-03-08', 'RB', 1),
	('b13', '202002', 2, 3016.40, '2020-04-07', 'RB', 1),
	('b13', '202003', 3, 1499.90, '2020-05-03', 'RB', 1),
	('b13', '202004', 9, 2991.57, '2020-06-03', 'RB', 1),
	('b13', '202005', 1, 1949.94, '2020-07-07', 'RB', 1),
	('b13', '202006', 6, 2720.48, '2020-08-01', 'RB', 1),
	('b13', '202007', 9, 2655.22, '2020-09-08', 'RB', 1),
	('b13', '202008', 6, 2979.96, '2020-10-02', 'RB', 1),
	('b13', '202009', 11, 2860.62, '2020-11-06', 'RB', 1),
	('b13', '202010', 3, 2818.98, '2020-12-04', 'RB', 1),
	('b13', '202011', 10, 2632.24, '2021-01-03', 'RB', 1),
	('b13', '202012', 9, 4114.60, '2021-02-08', 'RB', 1),
	('b13', '202101', 5, 2869.96, '2021-03-07', 'RB', 1),
	('b13', '202102', 7, 3101.44, '2021-04-02', 'RB', 1),
	('b13', '202103', 11, 3227.40, '2021-05-05', 'RB', 1),
	('b13', '202104', 9, 3620.55, '2021-06-05', 'RB', 1),
	('b13', '202105', 12, 1007.55, '2021-07-05', 'RB', 1),
	('b13', '202106', 10, 3426.85, '2021-07-05', 'VA', 1),
	('b13', '202107', 0, 0.00, '2021-07-01', 'CR', 1),
	('b16', '201901', 12, 2379.10, '2019-03-04', 'RB', 1),
	('b16', '201902', 12, 2501.63, '2019-04-06', 'RB', 1),
	('b16', '201903', 4, 2844.78, '2019-05-03', 'RB', 1),
	('b16', '201904', 8, 2250.89, '2019-06-05', 'RB', 1),
	('b16', '201905', 10, 963.07, '2019-07-03', 'RB', 1),
	('b16', '201906', 5, 2532.40, '2019-08-07', 'RB', 1),
	('b16', '201907', 2, 2627.12, '2019-09-08', 'RB', 1),
	('b16', '201908', 0, 2215.16, '2019-10-08', 'RB', 1),
	('b16', '201909', 2, 2987.50, '2019-11-05', 'RB', 1),
	('b16', '201910', 10, 3260.38, '2019-12-06', 'RB', 1),
	('b16', '201911', 10, 3555.16, '2020-01-04', 'RB', 1),
	('b16', '201912', 6, 2058.32, '2020-02-08', 'RB', 1),
	('b16', '202001', 6, 2862.72, '2020-03-03', 'RB', 1),
	('b16', '202002', 4, 3108.93, '2020-04-07', 'RB', 1),
	('b16', '202003', 4, 2010.08, '2020-05-03', 'RB', 1),
	('b16', '202004', 2, 1828.96, '2020-06-05', 'RB', 1),
	('b16', '202005', 12, 2595.12, '2020-07-08', 'RB', 1),
	('b16', '202006', 4, 2757.39, '2020-08-04', 'RB', 1),
	('b16', '202007', 2, 2271.37, '2020-09-05', 'RB', 1),
	('b16', '202008', 6, 4341.52, '2020-10-03', 'RB', 1),
	('b16', '202009', 9, 2748.98, '2020-11-06', 'RB', 1),
	('b16', '202010', 0, 3922.62, '2020-12-05', 'RB', 1),
	('b16', '202011', 6, 2350.15, '2021-01-05', 'RB', 1),
	('b16', '202012', 8, 1374.95, '2021-02-02', 'RB', 1),
	('b16', '202101', 1, 2772.00, '2021-03-06', 'RB', 1),
	('b16', '202102', 7, 3089.61, '2021-04-06', 'RB', 1),
	('b16', '202103', 7, 2794.80, '2021-05-04', 'RB', 1),
	('b16', '202104', 10, 3810.86, '2021-06-06', 'RB', 1),
	('b16', '202105', 5, 1745.36, '2021-07-03', 'RB', 1),
	('b16', '202106', 5, 2161.08, '2021-07-08', 'VA', 1),
	('b16', '202107', 8, 0.00, '2021-07-05', 'CR', 1),
	('b19', '201901', 10, 2236.54, '2019-03-03', 'RB', 0),
	('b19', '201902', 4, 3222.86, '2019-04-07', 'RB', 0),
	('b19', '201903', 7, 3401.25, '2019-05-04', 'RB', 0),
	('b19', '201904', 6, 2225.68, '2019-06-07', 'RB', 0),
	('b19', '201905', 11, 3684.00, '2019-07-03', 'RB', 0),
	('b19', '201906', 2, 2494.89, '2019-08-07', 'RB', 0),
	('b19', '201907', 6, 2011.59, '2019-09-06', 'RB', 0),
	('b19', '201908', 0, 2099.98, '2019-10-03', 'RB', 0),
	('b19', '201909', 10, 2993.72, '2019-11-01', 'RB', 0),
	('b19', '201910', 11, 3673.02, '2019-12-06', 'RB', 0),
	('b19', '201911', 6, 2413.52, '2020-01-03', 'RB', 0),
	('b19', '201912', 4, 3219.27, '2020-02-04', 'RB', 0),
	('b19', '202001', 11, 2278.71, '2020-03-08', 'RB', 0),
	('b19', '202002', 6, 4435.72, '2020-04-07', 'RB', 0),
	('b19', '202003', 10, 1214.90, '2020-05-07', 'RB', 0),
	('b19', '202004', 11, 1165.70, '2020-06-04', 'RB', 0),
	('b19', '202005', 6, 2529.58, '2020-07-03', 'RB', 0),
	('b19', '202006', 5, 3470.90, '2020-08-04', 'RB', 0),
	('b19', '202007', 8, 2935.61, '2020-09-03', 'RB', 0),
	('b19', '202008', 9, 2206.60, '2020-10-04', 'RB', 0),
	('b19', '202009', 9, 1885.79, '2020-11-03', 'RB', 0),
	('b19', '202010', 10, 2374.60, '2020-12-06', 'RB', 0),
	('b19', '202011', 4, 3236.73, '2021-01-02', 'RB', 0),
	('b19', '202012', 2, 2992.61, '2021-02-07', 'RB', 0),
	('b19', '202101', 11, 2529.54, '2021-03-02', 'RB', 0),
	('b19', '202102', 11, 3386.32, '2021-04-08', 'RB', 0),
	('b19', '202103', 0, 1515.99, '2021-05-04', 'RB', 0),
	('b19', '202104', 6, 2433.34, '2021-06-06', 'RB', 0),
	('b19', '202105', 2, 3378.30, '2021-07-02', 'RB', 0),
	('b19', '202106', 0, 2461.69, '2021-07-03', 'VA', 0),
	('b19', '202107', 0, 0.00, '2021-07-05', 'CR', 0),
	('b25', '201901', 10, 996.68, '2019-03-08', 'RB', 1),
	('b25', '201902', 12, 2758.14, '2019-04-07', 'RB', 1),
	('b25', '201903', 9, 2135.54, '2019-05-07', 'RB', 1),
	('b25', '201904', 10, 830.20, '2019-06-02', 'RB', 1),
	('b25', '201905', 9, 2507.35, '2019-07-02', 'RB', 1),
	('b25', '201906', 6, 1935.91, '2019-08-07', 'RB', 1),
	('b25', '201907', 3, 3526.90, '2019-09-06', 'RB', 1),
	('b25', '201908', 3, 2939.51, '2019-10-07', 'RB', 1),
	('b25', '201909', 5, 2980.26, '2019-11-04', 'RB', 1),
	('b25', '201910', 0, 3497.99, '2019-12-03', 'RB', 1),
	('b25', '201911', 9, 2521.16, '2020-01-01', 'RB', 1),
	('b25', '201912', 12, 2305.85, '2020-02-05', 'RB', 1),
	('b25', '202001', 2, 3721.90, '2020-03-07', 'RB', 1),
	('b25', '202002', 11, 2409.02, '2020-04-05', 'RB', 1),
	('b25', '202003', 3, 1419.76, '2020-05-03', 'RB', 1),
	('b25', '202004', 1, 2610.55, '2020-06-07', 'RB', 1),
	('b25', '202005', 1, 3096.20, '2020-07-06', 'RB', 1),
	('b25', '202006', 4, 3033.75, '2020-08-08', 'RB', 1),
	('b25', '202007', 2, 2700.93, '2020-09-06', 'RB', 1),
	('b25', '202008', 11, 3066.25, '2020-10-05', 'RB', 1),
	('b25', '202009', 7, 2684.88, '2020-11-03', 'RB', 1),
	('b25', '202010', 7, 1672.39, '2020-12-05', 'RB', 1),
	('b25', '202011', 9, 1416.46, '2021-01-03', 'RB', 1),
	('b25', '202012', 7, 2174.65, '2021-02-03', 'RB', 1),
	('b25', '202101', 9, 2289.86, '2021-03-07', 'RB', 1),
	('b25', '202102', 10, 2904.12, '2021-04-06', 'RB', 1),
	('b25', '202103', 1, 1938.30, '2021-05-05', 'RB', 1),
	('b25', '202104', 6, 3427.54, '2021-06-01', 'RB', 1),
	('b25', '202105', 11, 2836.77, '2021-07-05', 'RB', 1),
	('b25', '202106', 5, 3404.53, '2021-07-05', 'VA', 1),
	('b25', '202107', 8, 0.00, '2021-07-06', 'CR', 1),
	('b28', '201901', 11, 2567.68, '2019-03-05', 'RB', 1),
	('b28', '201902', 6, 2515.78, '2019-04-03', 'RB', 1),
	('b28', '201903', 2, 1676.64, '2019-05-06', 'RB', 1),
	('b28', '201904', 9, 2233.23, '2019-06-01', 'RB', 1),
	('b28', '201905', 12, 2452.04, '2019-07-04', 'RB', 1),
	('b28', '201906', 1, 2962.79, '2019-08-04', 'RB', 1),
	('b28', '201907', 3, 1664.22, '2019-09-02', 'RB', 1),
	('b28', '201908', 6, 2777.94, '2019-10-05', 'RB', 1),
	('b28', '201909', 0, 1907.02, '2019-11-07', 'RB', 1),
	('b28', '201910', 7, 3210.48, '2019-12-02', 'RB', 1),
	('b28', '201911', 6, 2023.43, '2020-01-06', 'RB', 1),
	('b28', '201912', 3, 829.60, '2020-02-03', 'RB', 1),
	('b28', '202001', 6, 1867.63, '2020-03-08', 'RB', 1),
	('b28', '202002', 2, 3773.98, '2020-04-06', 'RB', 1),
	('b28', '202003', 2, 3498.36, '2020-05-06', 'RB', 1),
	('b28', '202004', 4, 3105.61, '2020-06-05', 'RB', 1),
	('b28', '202005', 6, 3345.75, '2020-07-01', 'RB', 1),
	('b28', '202006', 2, 2124.22, '2020-08-03', 'RB', 1),
	('b28', '202007', 7, 2549.05, '2020-09-03', 'RB', 1),
	('b28', '202008', 10, 2673.29, '2020-10-04', 'RB', 1),
	('b28', '202009', 3, 1541.07, '2020-11-04', 'RB', 1),
	('b28', '202010', 9, 2823.60, '2020-12-03', 'RB', 1),
	('b28', '202011', 11, 2916.95, '2021-01-07', 'RB', 1),
	('b28', '202012', 0, 943.62, '2021-02-03', 'RB', 1),
	('b28', '202101', 1, 4085.91, '2021-03-03', 'RB', 1),
	('b28', '202102', 2, 1180.69, '2021-04-08', 'RB', 1),
	('b28', '202103', 4, 1641.50, '2021-05-04', 'RB', 1),
	('b28', '202104', 3, 1630.06, '2021-06-03', 'RB', 1),
	('b28', '202105', 3, 3283.95, '2021-07-01', 'RB', 1),
	('b28', '202106', 10, 2375.04, '2021-07-03', 'VA', 1),
	('b28', '202107', 2, 0.00, '2021-07-05', 'CR', 1),
	('b34', '201901', 9, 3522.34, '2019-03-03', 'RB', 1),
	('b34', '201902', 2, 3720.63, '2019-04-06', 'RB', 1),
	('b34', '201903', 3, 3021.06, '2019-05-04', 'RB', 1),
	('b34', '201904', 11, 2523.00, '2019-06-05', 'RB', 1),
	('b34', '201905', 5, 2810.03, '2019-07-06', 'RB', 1),
	('b34', '201906', 10, 2819.47, '2019-08-08', 'RB', 1),
	('b34', '201907', 1, 2234.06, '2019-09-03', 'RB', 1),
	('b34', '201908', 7, 3039.28, '2019-10-06', 'RB', 1),
	('b34', '201909', 12, 2379.50, '2019-11-07', 'RB', 1),
	('b34', '201910', 7, 1574.06, '2019-12-03', 'RB', 1),
	('b34', '201911', 12, 2797.33, '2020-01-03', 'RB', 1),
	('b34', '201912', 7, 3123.04, '2020-02-06', 'RB', 1),
	('b34', '202001', 8, 2836.86, '2020-03-06', 'RB', 1),
	('b34', '202002', 10, 2719.67, '2020-04-01', 'RB', 1),
	('b34', '202003', 0, 1780.24, '2020-05-07', 'RB', 1),
	('b34', '202004', 1, 3239.56, '2020-06-05', 'RB', 1),
	('b34', '202005', 8, 2761.55, '2020-07-05', 'RB', 1),
	('b34', '202006', 9, 2678.86, '2020-08-05', 'RB', 1),
	('b34', '202007', 7, 4010.12, '2020-09-01', 'RB', 1),
	('b34', '202008', 6, 3041.09, '2020-10-07', 'RB', 1),
	('b34', '202009', 4, 3332.94, '2020-11-08', 'RB', 1),
	('b34', '202010', 7, 1854.37, '2020-12-07', 'RB', 1),
	('b34', '202011', 11, 2173.03, '2021-01-02', 'RB', 1),
	('b34', '202012', 11, 1529.74, '2021-02-05', 'RB', 1),
	('b34', '202101', 10, 2336.37, '2021-03-07', 'RB', 1),
	('b34', '202102', 8, 2834.71, '2021-04-03', 'RB', 1),
	('b34', '202103', 2, 1929.87, '2021-05-06', 'RB', 1),
	('b34', '202104', 7, 2769.04, '2021-06-01', 'RB', 1),
	('b34', '202105', 6, 2552.19, '2021-07-04', 'RB', 1),
	('b34', '202106', 1, 1934.48, '2021-07-02', 'VA', 1),
	('b34', '202107', 9, 0.00, '2021-07-04', 'CR', 1),
	('b4', '201901', 7, 2069.57, '2019-03-02', 'RB', 0),
	('b4', '201902', 3, 1975.96, '2019-04-03', 'RB', 0),
	('b4', '201903', 4, 2529.82, '2019-05-02', 'RB', 0),
	('b4', '201904', 2, 1876.30, '2019-06-05', 'RB', 0),
	('b4', '201905', 10, 3642.28, '2019-07-03', 'RB', 0),
	('b4', '201906', 2, 2900.22, '2019-08-04', 'RB', 0),
	('b4', '201907', 8, 3362.50, '2019-09-02', 'RB', 0),
	('b4', '201908', 10, 2634.08, '2019-10-07', 'RB', 0),
	('b4', '201909', 2, 2684.19, '2019-11-04', 'RB', 0),
	('b4', '201910', 1, 3301.07, '2019-12-07', 'RB', 0),
	('b4', '201911', 2, 2802.24, '2020-01-08', 'RB', 0),
	('b4', '201912', 6, 1478.53, '2020-02-01', 'RB', 0),
	('b4', '202001', 12, 3453.42, '2020-03-01', 'RB', 0),
	('b4', '202002', 2, 1357.37, '2020-04-06', 'RB', 0),
	('b4', '202003', 3, 2627.02, '2020-05-06', 'RB', 0),
	('b4', '202004', 8, 2359.55, '2020-06-03', 'RB', 0),
	('b4', '202005', 5, 3342.47, '2020-07-03', 'RB', 0),
	('b4', '202006', 10, 2357.66, '2020-08-02', 'RB', 0),
	('b4', '202007', 2, 4017.06, '2020-09-06', 'RB', 0),
	('b4', '202008', 4, 2439.78, '2020-10-08', 'RB', 0),
	('b4', '202009', 11, 1364.90, '2020-11-04', 'RB', 0),
	('b4', '202010', 2, 3835.07, '2020-12-06', 'RB', 0),
	('b4', '202011', 2, 1818.78, '2021-01-03', 'RB', 0),
	('b4', '202012', 12, 2401.42, '2021-02-01', 'RB', 0),
	('b4', '202101', 5, 2645.85, '2021-03-06', 'RB', 0),
	('b4', '202102', 7, 1891.20, '2021-04-04', 'RB', 0),
	('b4', '202103', 5, 2369.00, '2021-05-05', 'RB', 0),
	('b4', '202104', 8, 2331.23, '2021-06-02', 'RB', 0),
	('b4', '202105', 5, 2462.10, '2021-07-04', 'RB', 0),
	('b4', '202106', 2, 1333.41, '2021-07-05', 'VA', 0),
	('b4', '202107', 3, 0.00, '2021-07-08', 'CR', 0),
	('b50', '201901', 10, 2568.30, '2019-03-06', 'RB', 0),
	('b50', '201902', 4, 1757.14, '2019-04-04', 'RB', 0),
	('b50', '201903', 6, 2493.63, '2019-05-07', 'RB', 0),
	('b50', '201904', 3, 2044.05, '2019-06-01', 'RB', 0),
	('b50', '201905', 9, 3037.16, '2019-07-02', 'RB', 0),
	('b50', '201906', 1, 4137.16, '2019-08-02', 'RB', 0),
	('b50', '201907', 2, 2358.50, '2019-09-04', 'RB', 0),
	('b50', '201908', 2, 3721.61, '2019-10-01', 'RB', 0),
	('b50', '201909', 9, 2109.87, '2019-11-07', 'RB', 0),
	('b50', '201910', 3, 2767.25, '2019-12-06', 'RB', 0),
	('b50', '201911', 12, 3160.31, '2020-01-08', 'RB', 0),
	('b50', '201912', 7, 1871.49, '2020-02-04', 'RB', 0),
	('b50', '202001', 11, 2435.78, '2020-03-08', 'RB', 0),
	('b50', '202002', 12, 2495.34, '2020-04-03', 'RB', 0),
	('b50', '202003', 1, 2621.88, '2020-05-05', 'RB', 0),
	('b50', '202004', 8, 1376.77, '2020-06-05', 'RB', 0),
	('b50', '202005', 7, 1488.05, '2020-07-07', 'RB', 0),
	('b50', '202006', 5, 3159.27, '2020-08-01', 'RB', 0),
	('b50', '202007', 11, 1682.73, '2020-09-04', 'RB', 0),
	('b50', '202008', 7, 2411.96, '2020-10-04', 'RB', 0),
	('b50', '202009', 0, 1608.35, '2020-11-05', 'RB', 0),
	('b50', '202010', 12, 3399.02, '2020-12-04', 'RB', 0),
	('b50', '202011', 7, 3565.94, '2021-01-08', 'RB', 0),
	('b50', '202012', 9, 2984.31, '2021-02-05', 'RB', 0),
	('b50', '202101', 5, 4291.45, '2021-03-06', 'RB', 0),
	('b50', '202102', 10, 1981.57, '2021-04-06', 'RB', 0),
	('b50', '202103', 4, 1192.03, '2021-05-03', 'RB', 0),
	('b50', '202104', 4, 3065.95, '2021-06-01', 'RB', 0),
	('b50', '202105', 1, 2121.50, '2021-07-01', 'RB', 0),
	('b50', '202106', 2, 1523.20, '2021-07-07', 'VA', 0),
	('b50', '202107', 5, 0.00, '2021-07-06', 'CR', 0),
	('b59', '201901', 10, 2368.43, '2019-03-01', 'RB', 0),
	('b59', '201902', 3, 1087.96, '2019-04-05', 'RB', 0),
	('b59', '201903', 3, 1803.35, '2019-05-03', 'RB', 0),
	('b59', '201904', 10, 2649.71, '2019-06-03', 'RB', 0),
	('b59', '201905', 2, 1737.24, '2019-07-05', 'RB', 0),
	('b59', '201906', 0, 2134.92, '2019-08-05', 'RB', 0),
	('b59', '201907', 10, 2705.10, '2019-09-02', 'RB', 0),
	('b59', '201908', 11, 2650.07, '2019-10-03', 'RB', 0),
	('b59', '201909', 11, 1569.52, '2019-11-08', 'RB', 0),
	('b59', '201910', 11, 2515.64, '2019-12-03', 'RB', 0),
	('b59', '201911', 9, 2200.41, '2020-01-04', 'RB', 0),
	('b59', '201912', 1, 2877.73, '2020-02-07', 'RB', 0),
	('b59', '202001', 1, 1558.36, '2020-03-03', 'RB', 0),
	('b59', '202002', 1, 1708.32, '2020-04-03', 'RB', 0),
	('b59', '202003', 4, 3139.64, '2020-05-03', 'RB', 0),
	('b59', '202004', 11, 1095.07, '2020-06-08', 'RB', 0),
	('b59', '202005', 1, 2892.05, '2020-07-01', 'RB', 0),
	('b59', '202006', 12, 1721.84, '2020-08-04', 'RB', 0),
	('b59', '202007', 10, 2979.65, '2020-09-01', 'RB', 0),
	('b59', '202008', 4, 2850.85, '2020-10-01', 'RB', 0),
	('b59', '202009', 2, 2194.25, '2020-11-02', 'RB', 0),
	('b59', '202010', 8, 2567.17, '2020-12-03', 'RB', 0),
	('b59', '202011', 7, 2972.76, '2021-01-08', 'RB', 0),
	('b59', '202012', 11, 2343.33, '2021-02-04', 'RB', 0),
	('b59', '202101', 8, 3819.15, '2021-03-02', 'RB', 0),
	('b59', '202102', 6, 2312.98, '2021-04-08', 'RB', 0),
	('b59', '202103', 9, 3615.00, '2021-05-02', 'RB', 0),
	('b59', '202104', 7, 799.05, '2021-06-02', 'RB', 0),
	('b59', '202105', 7, 2662.09, '2021-07-02', 'RB', 0),
	('b59', '202106', 8, 2790.61, '2021-07-06', 'VA', 0),
	('b59', '202107', 6, 0.00, '2021-07-02', 'CR', 0),
	('c14', '201901', 7, 1743.07, '2019-03-07', 'RB', 0),
	('c14', '201902', 10, 2333.60, '2019-04-02', 'RB', 0),
	('c14', '201903', 5, 2828.41, '2019-05-01', 'RB', 0),
	('c14', '201904', 9, 1478.92, '2019-06-05', 'RB', 0),
	('c14', '201905', 4, 3728.32, '2019-07-02', 'RB', 0),
	('c14', '201906', 10, 3112.54, '2019-08-07', 'RB', 0),
	('c14', '201907', 6, 3125.07, '2019-09-03', 'RB', 0),
	('c14', '201908', 12, 1427.34, '2019-10-06', 'RB', 0),
	('c14', '201909', 3, 2727.58, '2019-11-03', 'RB', 0),
	('c14', '201910', 4, 2246.90, '2019-12-07', 'RB', 0),
	('c14', '201911', 10, 2686.96, '2020-01-01', 'RB', 0),
	('c14', '201912', 9, 3977.78, '2020-02-08', 'RB', 0),
	('c14', '202001', 7, 2620.97, '2020-03-04', 'RB', 0),
	('c14', '202002', 6, 1962.56, '2020-04-04', 'RB', 0),
	('c14', '202003', 8, 2457.38, '2020-05-05', 'RB', 0),
	('c14', '202004', 4, 3870.94, '2020-06-04', 'RB', 0),
	('c14', '202005', 6, 2776.70, '2020-07-01', 'RB', 0),
	('c14', '202006', 7, 3201.43, '2020-08-01', 'RB', 0),
	('c14', '202007', 2, 1770.04, '2020-09-01', 'RB', 0),
	('c14', '202008', 0, 2263.24, '2020-10-04', 'RB', 0),
	('c14', '202009', 3, 2606.52, '2020-11-02', 'RB', 0),
	('c14', '202010', 11, 1867.99, '2020-12-07', 'RB', 0),
	('c14', '202011', 9, 1664.19, '2021-01-06', 'RB', 0),
	('c14', '202012', 12, 2282.80, '2021-02-02', 'RB', 0),
	('c14', '202101', 1, 3056.41, '2021-03-02', 'RB', 0),
	('c14', '202102', 7, 1840.97, '2021-04-08', 'RB', 0),
	('c14', '202103', 6, 2368.73, '2021-05-07', 'RB', 0),
	('c14', '202104', 6, 1746.09, '2021-06-08', 'RB', 0),
	('c14', '202105', 5, 2810.76, '2021-07-02', 'RB', 0),
	('c14', '202106', 12, 2486.69, '2021-07-06', 'VA', 0),
	('c14', '202107', 10, 0.00, '2021-07-05', 'CR', 0),
	('c3', '201901', 10, 3049.68, '2019-03-04', 'RB', 0),
	('c3', '201902', 6, 2010.42, '2019-04-02', 'RB', 0),
	('c3', '201903', 9, 2801.38, '2019-05-01', 'RB', 0),
	('c3', '201904', 3, 2680.16, '2019-06-03', 'RB', 0),
	('c3', '201905', 5, 1571.12, '2019-07-08', 'RB', 0),
	('c3', '201906', 8, 1743.01, '2019-08-07', 'RB', 0),
	('c3', '201907', 7, 2181.95, '2019-09-01', 'RB', 0),
	('c3', '201908', 2, 2319.21, '2019-10-06', 'RB', 0),
	('c3', '201909', 5, 2173.38, '2019-11-06', 'RB', 0),
	('c3', '201910', 0, 3170.06, '2019-12-08', 'RB', 0),
	('c3', '201911', 11, 2378.84, '2020-01-01', 'RB', 0),
	('c3', '201912', 7, 2192.18, '2020-02-02', 'RB', 0),
	('c3', '202001', 2, 2400.24, '2020-03-02', 'RB', 0),
	('c3', '202002', 11, 3555.37, '2020-04-06', 'RB', 0),
	('c3', '202003', 0, 1619.66, '2020-05-03', 'RB', 0),
	('c3', '202004', 6, 2837.17, '2020-06-01', 'RB', 0),
	('c3', '202005', 10, 2191.10, '2020-07-06', 'RB', 0),
	('c3', '202006', 6, 1746.62, '2020-08-04', 'RB', 0),
	('c3', '202007', 3, 1862.24, '2020-09-01', 'RB', 0),
	('c3', '202008', 4, 3676.76, '2020-10-05', 'RB', 0),
	('c3', '202009', 8, 2017.22, '2020-11-02', 'RB', 0),
	('c3', '202010', 1, 2399.77, '2020-12-04', 'RB', 0),
	('c3', '202011', 10, 3186.97, '2021-01-06', 'RB', 0),
	('c3', '202012', 4, 2456.57, '2021-02-07', 'RB', 0),
	('c3', '202101', 12, 2921.64, '2021-03-01', 'RB', 0),
	('c3', '202102', 12, 3670.84, '2021-04-07', 'RB', 0),
	('c3', '202103', 11, 2404.72, '2021-05-03', 'RB', 0),
	('c3', '202104', 8, 1925.69, '2021-06-02', 'RB', 0),
	('c3', '202105', 11, 1931.97, '2021-07-06', 'RB', 0),
	('c3', '202106', 4, 2100.58, '2021-07-08', 'VA', 0),
	('c3', '202107', 10, 0.00, '2021-07-02', 'CR', 0),
	('c54', '201901', 0, 3173.79, '2019-03-08', 'RB', 0),
	('c54', '201902', 3, 1938.89, '2019-04-08', 'RB', 0),
	('c54', '201903', 7, 1312.51, '2019-05-07', 'RB', 0),
	('c54', '201904', 5, 3231.69, '2019-06-05', 'RB', 0),
	('c54', '201905', 3, 2278.84, '2019-07-07', 'RB', 0),
	('c54', '201906', 8, 2966.08, '2019-08-07', 'RB', 0),
	('c54', '201907', 8, 2989.42, '2019-09-05', 'RB', 0),
	('c54', '201908', 0, 2872.78, '2019-10-02', 'RB', 0),
	('c54', '201909', 9, 1072.17, '2019-11-02', 'RB', 0),
	('c54', '201910', 7, 1429.53, '2019-12-05', 'RB', 0),
	('c54', '201911', 0, 1983.12, '2020-01-04', 'RB', 0),
	('c54', '201912', 4, 2785.63, '2020-02-04', 'RB', 0),
	('c54', '202001', 8, 2484.18, '2020-03-03', 'RB', 0),
	('c54', '202002', 3, 1979.50, '2020-04-06', 'RB', 0),
	('c54', '202003', 1, 3012.98, '2020-05-05', 'RB', 0),
	('c54', '202004', 7, 1226.40, '2020-06-06', 'RB', 0),
	('c54', '202005', 4, 2841.84, '2020-07-04', 'RB', 0),
	('c54', '202006', 0, 3260.61, '2020-08-03', 'RB', 0),
	('c54', '202007', 12, 2568.10, '2020-09-03', 'RB', 0),
	('c54', '202008', 12, 4125.45, '2020-10-01', 'RB', 0),
	('c54', '202009', 0, 3212.84, '2020-11-06', 'RB', 0),
	('c54', '202010', 1, 1846.36, '2020-12-06', 'RB', 0),
	('c54', '202011', 12, 1770.42, '2021-01-08', 'RB', 0),
	('c54', '202012', 10, 1980.79, '2021-02-07', 'RB', 0),
	('c54', '202101', 12, 3228.95, '2021-03-04', 'RB', 0),
	('c54', '202102', 10, 1357.93, '2021-04-02', 'RB', 0),
	('c54', '202103', 4, 3941.95, '2021-05-06', 'RB', 0),
	('c54', '202104', 4, 2740.00, '2021-06-02', 'RB', 0),
	('c54', '202105', 4, 2546.00, '2021-07-07', 'RB', 0),
	('c54', '202106', 3, 3473.93, '2021-07-07', 'VA', 0),
	('c54', '202107', 4, 0.00, '2021-07-06', 'CR', 0),
	('d13', '201901', 3, 2829.64, '2019-03-04', 'RB', 0),
	('d13', '201902', 5, 2240.70, '2019-04-08', 'RB', 0),
	('d13', '201903', 0, 2922.39, '2019-05-06', 'RB', 0),
	('d13', '201904', 5, 3194.14, '2019-06-03', 'RB', 0),
	('d13', '201905', 2, 2963.72, '2019-07-01', 'RB', 0),
	('d13', '201906', 7, 2968.99, '2019-08-01', 'RB', 0),
	('d13', '201907', 2, 2735.71, '2019-09-01', 'RB', 0),
	('d13', '201908', 11, 2234.70, '2019-10-01', 'RB', 0),
	('d13', '201909', 9, 2539.92, '2019-11-06', 'RB', 0),
	('d13', '201910', 0, 3970.77, '2019-12-02', 'RB', 0),
	('d13', '201911', 0, 3814.12, '2020-01-02', 'RB', 0),
	('d13', '201912', 11, 2453.88, '2020-02-04', 'RB', 0),
	('d13', '202001', 0, 2636.33, '2020-03-05', 'RB', 0),
	('d13', '202002', 1, 4714.10, '2020-04-06', 'RB', 0),
	('d13', '202003', 10, 3112.99, '2020-05-02', 'RB', 0),
	('d13', '202004', 8, 2540.75, '2020-06-07', 'RB', 0),
	('d13', '202005', 4, 2045.48, '2020-07-01', 'RB', 0),
	('d13', '202006', 1, 3291.00, '2020-08-06', 'RB', 0),
	('d13', '202007', 10, 4196.07, '2020-09-04', 'RB', 0),
	('d13', '202008', 5, 2279.12, '2020-10-04', 'RB', 0),
	('d13', '202009', 12, 2378.65, '2020-11-02', 'RB', 0),
	('d13', '202010', 2, 3609.22, '2020-12-05', 'RB', 0),
	('d13', '202011', 2, 1965.57, '2021-01-08', 'RB', 0),
	('d13', '202012', 4, 3364.22, '2021-02-04', 'RB', 0),
	('d13', '202101', 2, 2771.82, '2021-03-04', 'RB', 0),
	('d13', '202102', 7, 2272.32, '2021-04-05', 'RB', 0),
	('d13', '202103', 3, 1707.38, '2021-05-02', 'RB', 0),
	('d13', '202104', 11, 2711.51, '2021-06-02', 'RB', 0),
	('d13', '202105', 2, 2664.34, '2021-07-08', 'RB', 0),
	('d13', '202106', 8, 2619.64, '2021-07-08', 'VA', 0),
	('d13', '202107', 3, 0.00, '2021-07-03', 'CR', 0),
	('d51', '201901', 10, 1012.04, '2019-03-05', 'RB', 0),
	('d51', '201902', 1, 1692.18, '2019-04-03', 'RB', 0),
	('d51', '201903', 0, 2552.81, '2019-05-03', 'RB', 0),
	('d51', '201904', 4, 3365.67, '2019-06-07', 'RB', 0),
	('d51', '201905', 12, 1830.84, '2019-07-08', 'RB', 0),
	('d51', '201906', 10, 1481.60, '2019-08-05', 'RB', 0),
	('d51', '201907', 8, 2474.12, '2019-09-04', 'RB', 0),
	('d51', '201908', 4, 2410.12, '2019-10-03', 'RB', 0),
	('d51', '201909', 6, 3266.36, '2019-11-04', 'RB', 0),
	('d51', '201910', 3, 2549.84, '2019-12-04', 'RB', 0),
	('d51', '201911', 8, 2633.01, '2020-01-01', 'RB', 0),
	('d51', '201912', 2, 2644.57, '2020-02-08', 'RB', 0),
	('d51', '202001', 8, 2815.17, '2020-03-02', 'RB', 0),
	('d51', '202002', 7, 1510.26, '2020-04-03', 'RB', 0),
	('d51', '202003', 6, 2019.76, '2020-05-07', 'RB', 0),
	('d51', '202004', 1, 1356.67, '2020-06-02', 'RB', 0),
	('d51', '202005', 8, 2066.34, '2020-07-05', 'RB', 0),
	('d51', '202006', 1, 1255.46, '2020-08-03', 'RB', 0),
	('d51', '202007', 3, 2237.51, '2020-09-06', 'RB', 0),
	('d51', '202008', 4, 789.46, '2020-10-03', 'RB', 0),
	('d51', '202009', 10, 2729.87, '2020-11-07', 'RB', 0),
	('d51', '202010', 0, 2353.84, '2020-12-06', 'RB', 0),
	('d51', '202011', 4, 2817.77, '2021-01-01', 'RB', 0),
	('d51', '202012', 1, 1512.92, '2021-02-03', 'RB', 0),
	('d51', '202101', 4, 2737.95, '2021-03-01', 'RB', 0),
	('d51', '202102', 9, 4492.47, '2021-04-06', 'RB', 0),
	('d51', '202103', 11, 1357.51, '2021-05-01', 'RB', 0),
	('d51', '202104', 8, 2426.45, '2021-06-05', 'RB', 0),
	('d51', '202105', 5, 3102.99, '2021-07-06', 'RB', 0),
	('d51', '202106', 3, 3063.65, '2021-07-05', 'VA', 0),
	('d51', '202107', 1, 0.00, '2021-07-01', 'CR', 0),
	('e22', '201901', 8, 3146.70, '2019-03-03', 'RB', 0),
	('e22', '201902', 2, 2541.25, '2019-04-07', 'RB', 0),
	('e22', '201903', 11, 2560.36, '2019-05-01', 'RB', 0),
	('e22', '201904', 11, 1975.25, '2019-06-03', 'RB', 0),
	('e22', '201905', 12, 2082.32, '2019-07-04', 'RB', 0),
	('e22', '201906', 10, 2502.84, '2019-08-02', 'RB', 0),
	('e22', '201907', 6, 3500.77, '2019-09-03', 'RB', 0),
	('e22', '201908', 6, 2563.93, '2019-10-01', 'RB', 0),
	('e22', '201909', 12, 2490.79, '2019-11-02', 'RB', 0),
	('e22', '201910', 12, 2133.40, '2019-12-02', 'RB', 0),
	('e22', '201911', 12, 2886.00, '2020-01-08', 'RB', 0),
	('e22', '201912', 9, 2009.20, '2020-02-02', 'RB', 0),
	('e22', '202001', 10, 2449.47, '2020-03-07', 'RB', 0),
	('e22', '202002', 10, 3293.12, '2020-04-02', 'RB', 0),
	('e22', '202003', 5, 1765.24, '2020-05-08', 'RB', 0),
	('e22', '202004', 10, 2384.06, '2020-06-08', 'RB', 0),
	('e22', '202005', 12, 2683.87, '2020-07-05', 'RB', 0),
	('e22', '202006', 8, 3740.92, '2020-08-04', 'RB', 0),
	('e22', '202007', 2, 2896.69, '2020-09-07', 'RB', 0),
	('e22', '202008', 12, 1609.22, '2020-10-04', 'RB', 0),
	('e22', '202009', 5, 1685.76, '2020-11-07', 'RB', 0),
	('e22', '202010', 10, 1518.55, '2020-12-01', 'RB', 0),
	('e22', '202011', 6, 914.64, '2021-01-06', 'RB', 0),
	('e22', '202012', 7, 2781.23, '2021-02-01', 'RB', 0),
	('e22', '202101', 8, 3138.36, '2021-03-06', 'RB', 0),
	('e22', '202102', 4, 2408.14, '2021-04-04', 'RB', 0),
	('e22', '202103', 8, 1639.79, '2021-05-07', 'RB', 0),
	('e22', '202104', 9, 2448.77, '2021-06-01', 'RB', 0),
	('e22', '202105', 10, 3157.99, '2021-07-03', 'RB', 0),
	('e22', '202106', 9, 3361.50, '2021-07-07', 'VA', 0),
	('e22', '202107', 10, 0.00, '2021-07-04', 'CR', 0),
	('e24', '201901', 10, 2564.11, '2019-03-08', 'RB', 0),
	('e24', '201902', 0, 2595.37, '2019-04-07', 'RB', 0),
	('e24', '201903', 4, 2003.90, '2019-05-02', 'RB', 0),
	('e24', '201904', 7, 2299.19, '2019-06-08', 'RB', 0),
	('e24', '201905', 6, 3193.27, '2019-07-05', 'RB', 0),
	('e24', '201906', 2, 2373.38, '2019-08-08', 'RB', 0),
	('e24', '201907', 12, 1174.70, '2019-09-03', 'RB', 0),
	('e24', '201908', 1, 2381.04, '2019-10-04', 'RB', 0),
	('e24', '201909', 9, 2485.45, '2019-11-07', 'RB', 0),
	('e24', '201910', 1, 3705.19, '2019-12-03', 'RB', 0),
	('e24', '201911', 3, 2853.47, '2020-01-07', 'RB', 0),
	('e24', '201912', 7, 2710.22, '2020-02-08', 'RB', 0),
	('e24', '202001', 8, 2479.55, '2020-03-02', 'RB', 0),
	('e24', '202002', 2, 2034.48, '2020-04-02', 'RB', 0),
	('e24', '202003', 5, 3380.78, '2020-05-07', 'RB', 0),
	('e24', '202004', 3, 1860.86, '2020-06-04', 'RB', 0),
	('e24', '202005', 7, 2249.86, '2020-07-06', 'RB', 0),
	('e24', '202006', 6, 2538.31, '2020-08-07', 'RB', 0),
	('e24', '202007', 8, 3777.66, '2020-09-05', 'RB', 0),
	('e24', '202008', 4, 2998.41, '2020-10-04', 'RB', 0),
	('e24', '202009', 9, 2058.91, '2020-11-06', 'RB', 0),
	('e24', '202010', 5, 2512.07, '2020-12-04', 'RB', 0),
	('e24', '202011', 3, 2497.46, '2021-01-05', 'RB', 0),
	('e24', '202012', 1, 2783.21, '2021-02-02', 'RB', 0),
	('e24', '202101', 5, 1849.83, '2021-03-03', 'RB', 0),
	('e24', '202102', 1, 2286.08, '2021-04-04', 'RB', 0),
	('e24', '202103', 7, 1765.66, '2021-05-07', 'RB', 0),
	('e24', '202104', 10, 3161.91, '2021-06-06', 'RB', 0),
	('e24', '202105', 10, 1942.28, '2021-07-01', 'RB', 0),
	('e24', '202106', 11, 2343.98, '2021-07-07', 'VA', 0),
	('e24', '202107', 8, 0.00, '2021-07-06', 'CR', 0),
	('e39', '201901', 7, 1994.94, '2019-03-02', 'RB', 0),
	('e39', '201902', 3, 2148.41, '2019-04-06', 'RB', 0),
	('e39', '201903', 8, 2744.43, '2019-05-07', 'RB', 0),
	('e39', '201904', 9, 2419.34, '2019-06-03', 'RB', 0),
	('e39', '201905', 4, 1966.91, '2019-07-01', 'RB', 0),
	('e39', '201906', 12, 2288.41, '2019-08-01', 'RB', 0),
	('e39', '201907', 10, 3225.99, '2019-09-02', 'RB', 0),
	('e39', '201908', 12, 3049.33, '2019-10-08', 'RB', 0),
	('e39', '201909', 11, 2020.12, '2019-11-02', 'RB', 0),
	('e39', '201910', 3, 2063.73, '2019-12-07', 'RB', 0),
	('e39', '201911', 10, 3402.85, '2020-01-04', 'RB', 0),
	('e39', '201912', 12, 2448.01, '2020-02-05', 'RB', 0),
	('e39', '202001', 6, 3766.48, '2020-03-07', 'RB', 0),
	('e39', '202002', 6, 1964.19, '2020-04-01', 'RB', 0),
	('e39', '202003', 0, 2156.31, '2020-05-07', 'RB', 0),
	('e39', '202004', 12, 2672.17, '2020-06-04', 'RB', 0),
	('e39', '202005', 4, 4189.05, '2020-07-03', 'RB', 0),
	('e39', '202006', 10, 2531.31, '2020-08-03', 'RB', 0),
	('e39', '202007', 8, 3900.18, '2020-09-06', 'RB', 0),
	('e39', '202008', 2, 2922.65, '2020-10-06', 'RB', 0),
	('e39', '202009', 10, 3170.04, '2020-11-07', 'RB', 0),
	('e39', '202010', 6, 3653.08, '2020-12-05', 'RB', 0),
	('e39', '202011', 0, 1051.49, '2021-01-01', 'RB', 0),
	('e39', '202012', 11, 2446.27, '2021-02-06', 'RB', 0),
	('e39', '202101', 0, 2848.22, '2021-03-05', 'RB', 0),
	('e39', '202102', 10, 1616.11, '2021-04-01', 'RB', 0),
	('e39', '202103', 3, 2756.93, '2021-05-04', 'RB', 0),
	('e39', '202104', 4, 2895.69, '2021-06-06', 'RB', 0),
	('e39', '202105', 5, 2212.90, '2021-07-07', 'RB', 0),
	('e39', '202106', 0, 2836.61, '2021-07-02', 'VA', 0),
	('e39', '202107', 9, 0.00, '2021-07-08', 'CR', 0),
	('e49', '201901', 8, 2249.54, '2019-03-05', 'RB', 0),
	('e49', '201902', 4, 2102.93, '2019-04-02', 'RB', 0),
	('e49', '201903', 5, 2067.70, '2019-05-06', 'RB', 0),
	('e49', '201904', 12, 2520.17, '2019-06-05', 'RB', 0),
	('e49', '201905', 5, 2435.96, '2019-07-03', 'RB', 0),
	('e49', '201906', 12, 2582.57, '2019-08-04', 'RB', 0),
	('e49', '201907', 9, 3103.50, '2019-09-05', 'RB', 0),
	('e49', '201908', 1, 1931.59, '2019-10-05', 'RB', 0),
	('e49', '201909', 11, 1999.44, '2019-11-03', 'RB', 0),
	('e49', '201910', 7, 2018.64, '2019-12-04', 'RB', 0),
	('e49', '201911', 10, 2226.19, '2020-01-05', 'RB', 0),
	('e49', '201912', 3, 3796.95, '2020-02-01', 'RB', 0),
	('e49', '202001', 1, 1863.58, '2020-03-08', 'RB', 0),
	('e49', '202002', 4, 2239.52, '2020-04-06', 'RB', 0),
	('e49', '202003', 10, 1347.12, '2020-05-06', 'RB', 0),
	('e49', '202004', 9, 1595.89, '2020-06-03', 'RB', 0),
	('e49', '202005', 6, 3321.98, '2020-07-04', 'RB', 0),
	('e49', '202006', 7, 3762.24, '2020-08-03', 'RB', 0),
	('e49', '202007', 1, 3662.94, '2020-09-03', 'RB', 0),
	('e49', '202008', 9, 2006.02, '2020-10-06', 'RB', 0),
	('e49', '202009', 3, 2244.53, '2020-11-08', 'RB', 0),
	('e49', '202010', 5, 2449.10, '2020-12-05', 'RB', 0),
	('e49', '202011', 11, 2663.54, '2021-01-05', 'RB', 0),
	('e49', '202012', 7, 1581.88, '2021-02-02', 'RB', 0),
	('e49', '202101', 8, 3033.68, '2021-03-07', 'RB', 0),
	('e49', '202102', 3, 1592.75, '2021-04-07', 'RB', 0),
	('e49', '202103', 5, 1406.42, '2021-05-08', 'RB', 0),
	('e49', '202104', 5, 2904.69, '2021-06-03', 'RB', 0),
	('e49', '202105', 11, 2559.04, '2021-07-03', 'RB', 0),
	('e49', '202106', 3, 3348.28, '2021-07-01', 'VA', 0),
	('e49', '202107', 12, 0.00, '2021-07-04', 'CR', 0),
	('e5', '201901', 5, 1733.64, '2019-03-02', 'RB', 0),
	('e5', '201902', 8, 2877.92, '2019-04-04', 'RB', 0),
	('e5', '201903', 1, 2652.99, '2019-05-06', 'RB', 0),
	('e5', '201904', 5, 2633.79, '2019-06-01', 'RB', 0),
	('e5', '201905', 8, 1883.97, '2019-07-02', 'RB', 0),
	('e5', '201906', 0, 3688.15, '2019-08-07', 'RB', 0),
	('e5', '201907', 10, 1929.91, '2019-09-04', 'RB', 0),
	('e5', '201908', 11, 3104.80, '2019-10-03', 'RB', 0),
	('e5', '201909', 10, 2952.90, '2019-11-01', 'RB', 0),
	('e5', '201910', 1, 1974.58, '2019-12-08', 'RB', 0),
	('e5', '201911', 6, 2710.56, '2020-01-07', 'RB', 0),
	('e5', '201912', 2, 2504.40, '2020-02-03', 'RB', 0),
	('e5', '202001', 2, 2842.14, '2020-03-01', 'RB', 0),
	('e5', '202002', 3, 1192.05, '2020-04-04', 'RB', 0),
	('e5', '202003', 7, 3922.87, '2020-05-07', 'RB', 0),
	('e5', '202004', 8, 2417.60, '2020-06-01', 'RB', 0),
	('e5', '202005', 12, 3663.83, '2020-07-05', 'RB', 0),
	('e5', '202006', 7, 3103.09, '2020-08-03', 'RB', 0),
	('e5', '202007', 1, 2340.96, '2020-09-08', 'RB', 0),
	('e5', '202008', 6, 2194.71, '2020-10-08', 'RB', 0),
	('e5', '202009', 5, 1403.74, '2020-11-05', 'RB', 0),
	('e5', '202010', 5, 1863.57, '2020-12-01', 'RB', 0),
	('e5', '202011', 6, 3365.49, '2021-01-03', 'RB', 0),
	('e5', '202012', 12, 3468.14, '2021-02-02', 'RB', 0),
	('e5', '202101', 9, 2567.56, '2021-03-05', 'RB', 0),
	('e5', '202102', 0, 1854.96, '2021-04-05', 'RB', 0),
	('e5', '202103', 12, 3552.99, '2021-05-02', 'RB', 0),
	('e5', '202104', 3, 1817.69, '2021-06-08', 'RB', 0),
	('e5', '202105', 4, 2135.92, '2021-07-06', 'RB', 0),
	('e5', '202106', 7, 2041.95, '2021-07-04', 'VA', 0),
	('e5', '202107', 8, 0.00, '2021-07-08', 'CR', 0),
	('e52', '201901', 4, 2380.64, '2019-03-07', 'RB', 0),
	('e52', '201902', 10, 1855.89, '2019-04-03', 'RB', 0),
	('e52', '201903', 11, 3676.34, '2019-05-02', 'RB', 0),
	('e52', '201904', 11, 2819.91, '2019-06-04', 'RB', 0),
	('e52', '201905', 9, 2203.41, '2019-07-04', 'RB', 0),
	('e52', '201906', 0, 3747.40, '2019-08-07', 'RB', 0),
	('e52', '201907', 5, 3369.98, '2019-09-08', 'RB', 0),
	('e52', '201908', 7, 1073.55, '2019-10-01', 'RB', 0),
	('e52', '201909', 12, 1410.54, '2019-11-08', 'RB', 0),
	('e52', '201910', 3, 3677.97, '2019-12-08', 'RB', 0),
	('e52', '201911', 10, 2633.41, '2020-01-02', 'RB', 0),
	('e52', '201912', 6, 2740.30, '2020-02-08', 'RB', 0),
	('e52', '202001', 1, 2667.28, '2020-03-06', 'RB', 0),
	('e52', '202002', 11, 877.13, '2020-04-08', 'RB', 0),
	('e52', '202003', 4, 3100.56, '2020-05-03', 'RB', 0),
	('e52', '202004', 10, 1682.53, '2020-06-02', 'RB', 0),
	('e52', '202005', 7, 2350.44, '2020-07-08', 'RB', 0),
	('e52', '202006', 0, 2513.77, '2020-08-07', 'RB', 0),
	('e52', '202007', 2, 3332.69, '2020-09-04', 'RB', 0),
	('e52', '202008', 10, 2212.49, '2020-10-01', 'RB', 0),
	('e52', '202009', 5, 2411.35, '2020-11-08', 'RB', 0),
	('e52', '202010', 12, 3001.44, '2020-12-08', 'RB', 0),
	('e52', '202011', 9, 3165.59, '2021-01-08', 'RB', 0),
	('e52', '202012', 9, 2712.69, '2021-02-08', 'RB', 0),
	('e52', '202101', 1, 2535.37, '2021-03-07', 'RB', 0),
	('e52', '202102', 12, 1177.32, '2021-04-06', 'RB', 0),
	('e52', '202103', 1, 2091.44, '2021-05-01', 'RB', 0),
	('e52', '202104', 11, 2327.33, '2021-06-07', 'RB', 0),
	('e52', '202105', 9, 3532.02, '2021-07-08', 'RB', 0),
	('e52', '202106', 3, 4263.84, '2021-07-02', 'VA', 0),
	('e52', '202107', 7, 0.00, '2021-07-08', 'CR', 0),
	('f21', '201901', 12, 3373.77, '2019-03-03', 'RB', 0),
	('f21', '201902', 11, 3886.46, '2019-04-08', 'RB', 0),
	('f21', '201903', 6, 2745.74, '2019-05-02', 'RB', 0),
	('f21', '201904', 0, 1676.56, '2019-06-05', 'RB', 0),
	('f21', '201905', 9, 2709.67, '2019-07-07', 'RB', 0),
	('f21', '201906', 6, 2510.63, '2019-08-08', 'RB', 0),
	('f21', '201907', 10, 1494.85, '2019-09-06', 'RB', 0),
	('f21', '201908', 3, 2760.83, '2019-10-04', 'RB', 0),
	('f21', '201909', 7, 4137.44, '2019-11-06', 'RB', 0),
	('f21', '201910', 12, 2328.50, '2019-12-05', 'RB', 0),
	('f21', '201911', 3, 895.47, '2020-01-03', 'RB', 0),
	('f21', '201912', 6, 3530.22, '2020-02-04', 'RB', 0),
	('f21', '202001', 9, 1350.68, '2020-03-04', 'RB', 0),
	('f21', '202002', 6, 3080.32, '2020-04-08', 'RB', 0),
	('f21', '202003', 2, 2579.30, '2020-05-04', 'RB', 0),
	('f21', '202004', 12, 2167.76, '2020-06-01', 'RB', 0),
	('f21', '202005', 5, 2474.25, '2020-07-02', 'RB', 0),
	('f21', '202006', 5, 3399.37, '2020-08-04', 'RB', 0),
	('f21', '202007', 9, 3043.09, '2020-09-01', 'RB', 0),
	('f21', '202008', 12, 2452.26, '2020-10-03', 'RB', 0),
	('f21', '202009', 12, 2335.02, '2020-11-02', 'RB', 0),
	('f21', '202010', 0, 1852.44, '2020-12-02', 'RB', 0),
	('f21', '202011', 3, 1260.01, '2021-01-06', 'RB', 0),
	('f21', '202012', 8, 2955.45, '2021-02-04', 'RB', 0),
	('f21', '202101', 6, 1986.83, '2021-03-06', 'RB', 0),
	('f21', '202102', 5, 1414.05, '2021-04-06', 'RB', 0),
	('f21', '202103', 12, 1650.23, '2021-05-04', 'RB', 0),
	('f21', '202104', 4, 2559.54, '2021-06-08', 'RB', 0),
	('f21', '202105', 4, 2161.71, '2021-07-08', 'RB', 0),
	('f21', '202106', 12, 3471.42, '2021-07-08', 'VA', 0),
	('f21', '202107', 0, 0.00, '2021-07-05', 'CR', 0),
	('f39', '201901', 4, 3067.03, '2019-03-02', 'RB', 0),
	('f39', '201902', 9, 1115.41, '2019-04-04', 'RB', 0),
	('f39', '201903', 10, 2065.69, '2019-05-02', 'RB', 0),
	('f39', '201904', 12, 2083.82, '2019-06-02', 'RB', 0),
	('f39', '201905', 0, 2060.63, '2019-07-04', 'RB', 0),
	('f39', '201906', 7, 2615.16, '2019-08-06', 'RB', 0),
	('f39', '201907', 1, 4068.56, '2019-09-03', 'RB', 0),
	('f39', '201908', 4, 2963.92, '2019-10-08', 'RB', 0),
	('f39', '201909', 7, 2259.90, '2019-11-03', 'RB', 0),
	('f39', '201910', 7, 4167.47, '2019-12-02', 'RB', 0),
	('f39', '201911', 5, 2505.14, '2020-01-06', 'RB', 0),
	('f39', '201912', 0, 1537.15, '2020-02-04', 'RB', 0),
	('f39', '202001', 2, 1699.59, '2020-03-01', 'RB', 0),
	('f39', '202002', 0, 2521.26, '2020-04-01', 'RB', 0),
	('f39', '202003', 12, 2679.83, '2020-05-05', 'RB', 0),
	('f39', '202004', 4, 2274.58, '2020-06-08', 'RB', 0),
	('f39', '202005', 2, 1873.44, '2020-07-08', 'RB', 0),
	('f39', '202006', 2, 1619.78, '2020-08-05', 'RB', 0),
	('f39', '202007', 12, 2484.21, '2020-09-02', 'RB', 0),
	('f39', '202008', 5, 2279.17, '2020-10-07', 'RB', 0),
	('f39', '202009', 10, 2854.84, '2020-11-01', 'RB', 0),
	('f39', '202010', 3, 2944.79, '2020-12-08', 'RB', 0),
	('f39', '202011', 9, 2135.64, '2021-01-06', 'RB', 0),
	('f39', '202012', 6, 2896.31, '2021-02-01', 'RB', 0),
	('f39', '202101', 3, 2580.12, '2021-03-06', 'RB', 0),
	('f39', '202102', 6, 3580.57, '2021-04-05', 'RB', 0),
	('f39', '202103', 6, 2715.25, '2021-05-04', 'RB', 0),
	('f39', '202104', 12, 3024.15, '2021-06-02', 'RB', 0),
	('f39', '202105', 11, 3012.65, '2021-07-03', 'RB', 0),
	('f39', '202106', 2, 3948.60, '2021-07-05', 'VA', 0),
	('f39', '202107', 6, 0.00, '2021-07-05', 'CR', 0),
	('f4', '201901', 5, 3170.11, '2019-03-01', 'RB', 0),
	('f4', '201902', 0, 3114.20, '2019-04-03', 'RB', 0),
	('f4', '201903', 8, 2244.88, '2019-05-01', 'RB', 0),
	('f4', '201904', 0, 1481.97, '2019-06-05', 'RB', 0),
	('f4', '201905', 10, 2478.01, '2019-07-03', 'RB', 0),
	('f4', '201906', 5, 1309.51, '2019-08-07', 'RB', 0),
	('f4', '201907', 8, 2931.91, '2019-09-05', 'RB', 0),
	('f4', '201908', 8, 1982.34, '2019-10-06', 'RB', 0),
	('f4', '201909', 5, 2348.96, '2019-11-05', 'RB', 0),
	('f4', '201910', 10, 3715.32, '2019-12-04', 'RB', 0),
	('f4', '201911', 11, 2892.52, '2020-01-08', 'RB', 0),
	('f4', '201912', 4, 2221.08, '2020-02-06', 'RB', 0),
	('f4', '202001', 5, 2213.96, '2020-03-02', 'RB', 0),
	('f4', '202002', 5, 2299.90, '2020-04-06', 'RB', 0),
	('f4', '202003', 9, 3217.34, '2020-05-03', 'RB', 0),
	('f4', '202004', 5, 2610.62, '2020-06-07', 'RB', 0),
	('f4', '202005', 1, 2044.55, '2020-07-05', 'RB', 0),
	('f4', '202006', 6, 1523.35, '2020-08-05', 'RB', 0),
	('f4', '202007', 4, 2858.20, '2020-09-08', 'RB', 0),
	('f4', '202008', 1, 2098.58, '2020-10-03', 'RB', 0),
	('f4', '202009', 9, 1276.88, '2020-11-07', 'RB', 0),
	('f4', '202010', 4, 3239.60, '2020-12-03', 'RB', 0),
	('f4', '202011', 0, 3079.23, '2021-01-01', 'RB', 0),
	('f4', '202012', 8, 2262.90, '2021-02-03', 'RB', 0),
	('f4', '202101', 7, 2721.35, '2021-03-02', 'RB', 0),
	('f4', '202102', 2, 1611.45, '2021-04-04', 'RB', 0),
	('f4', '202103', 0, 2341.57, '2021-05-01', 'RB', 0),
	('f4', '202104', 4, 1844.87, '2021-06-02', 'RB', 0),
	('f4', '202105', 10, 1350.05, '2021-07-08', 'RB', 0),
	('f4', '202106', 2, 1476.90, '2021-07-08', 'VA', 0),
	('f4', '202107', 7, 0.00, '2021-07-08', 'CR', 0);
/*!40000 ALTER TABLE `fichefrais` ENABLE KEYS */;

-- Listage de la structure de la table gsblaravel. fraisforfait
CREATE TABLE IF NOT EXISTS `fraisforfait` (
  `id` char(3) NOT NULL,
  `libelle` char(20) DEFAULT NULL,
  `montant` decimal(5,2) DEFAULT NULL,
  PRIMARY KEY (`id`)
) ENGINE=InnoDB DEFAULT CHARSET=latin1;

-- Listage des données de la table gsblaravel.fraisforfait : ~4 rows (environ)
DELETE FROM `fraisforfait`;
/*!40000 ALTER TABLE `fraisforfait` DISABLE KEYS */;
INSERT INTO `fraisforfait` (`id`, `libelle`, `montant`) VALUES
	('ETP', 'Forfait Etape', 110.00),
	('KM', 'Frais Kilométrique', 0.62),
	('NUI', 'Nuitée Hôtel', 80.00),
	('REP', 'Repas Restaurant', 25.00);
/*!40000 ALTER TABLE `fraisforfait` ENABLE KEYS */;

-- Listage de la structure de la table gsblaravel. gestionnaire
CREATE TABLE IF NOT EXISTS `gestionnaire` (
  `nom` varchar(50) NOT NULL,
  `login` varchar(50) DEFAULT NULL,
  `mdp` varchar(50) DEFAULT NULL,
  PRIMARY KEY (`nom`)
) ENGINE=InnoDB DEFAULT CHARSET=latin1;

-- Listage des données de la table gsblaravel.gestionnaire : ~0 rows (environ)
DELETE FROM `gestionnaire`;
/*!40000 ALTER TABLE `gestionnaire` DISABLE KEYS */;
INSERT INTO `gestionnaire` (`nom`, `login`, `mdp`) VALUES
	('Dembele Ousmane', 'azerty', '1234');
/*!40000 ALTER TABLE `gestionnaire` ENABLE KEYS */;

-- Listage de la structure de la table gsblaravel. lignefraisforfait
CREATE TABLE IF NOT EXISTS `lignefraisforfait` (
  `idVisiteur` char(4) NOT NULL,
  `mois` char(6) NOT NULL,
  `idFraisForfait` char(3) NOT NULL,
  `quantite` int(11) DEFAULT NULL,
  `Archivage` int(11) DEFAULT '0',
  PRIMARY KEY (`idVisiteur`,`mois`,`idFraisForfait`),
  KEY `idFraisForfait` (`idFraisForfait`),
  CONSTRAINT `lignefraisforfait_ibfk_1` FOREIGN KEY (`idVisiteur`, `mois`) REFERENCES `fichefrais` (`idVisiteur`, `mois`),
  CONSTRAINT `lignefraisforfait_ibfk_2` FOREIGN KEY (`idFraisForfait`) REFERENCES `fraisforfait` (`id`)
) ENGINE=InnoDB DEFAULT CHARSET=latin1;

-- Listage des données de la table gsblaravel.lignefraisforfait : ~3 356 rows (environ)
DELETE FROM `lignefraisforfait`;
/*!40000 ALTER TABLE `lignefraisforfait` DISABLE KEYS */;
INSERT INTO `lignefraisforfait` (`idVisiteur`, `mois`, `idFraisForfait`, `quantite`, `Archivage`) VALUES
	('a131', '201901', 'ETP', 19, 1),
	('a131', '201901', 'KM', 548, 1),
	('a131', '201901', 'NUI', 2, 1),
	('a131', '201901', 'REP', 16, 1),
	('a131', '201902', 'ETP', 16, 1),
	('a131', '201902', 'KM', 602, 1),
	('a131', '201902', 'NUI', 18, 1),
	('a131', '201902', 'REP', 19, 1),
	('a131', '201903', 'ETP', 14, 1),
	('a131', '201903', 'KM', 478, 1),
	('a131', '201903', 'NUI', 7, 1),
	('a131', '201903', 'REP', 14, 1),
	('a131', '201904', 'ETP', 19, 1),
	('a131', '201904', 'KM', 507, 1),
	('a131', '201904', 'NUI', 7, 1),
	('a131', '201904', 'REP', 4, 1),
	('a131', '201905', 'ETP', 10, 1),
	('a131', '201905', 'KM', 666, 1),
	('a131', '201905', 'NUI', 12, 1),
	('a131', '201905', 'REP', 3, 1),
	('a131', '201906', 'ETP', 12, 1),
	('a131', '201906', 'KM', 582, 1),
	('a131', '201906', 'NUI', 3, 1),
	('a131', '201906', 'REP', 16, 1),
	('a131', '201907', 'ETP', 3, 1),
	('a131', '201907', 'KM', 935, 1),
	('a131', '201907', 'NUI', 12, 1),
	('a131', '201907', 'REP', 17, 1),
	('a131', '201908', 'ETP', 9, 1),
	('a131', '201908', 'KM', 652, 1),
	('a131', '201908', 'NUI', 3, 1),
	('a131', '201908', 'REP', 12, 1),
	('a131', '201909', 'ETP', 8, 1),
	('a131', '201909', 'KM', 411, 1),
	('a131', '201909', 'NUI', 4, 1),
	('a131', '201909', 'REP', 14, 1),
	('a131', '201910', 'ETP', 6, 1),
	('a131', '201910', 'KM', 541, 1),
	('a131', '201910', 'NUI', 19, 1),
	('a131', '201910', 'REP', 7, 1),
	('a131', '201911', 'ETP', 19, 1),
	('a131', '201911', 'KM', 319, 1),
	('a131', '201911', 'NUI', 20, 1),
	('a131', '201911', 'REP', 6, 1),
	('a131', '201912', 'ETP', 15, 1),
	('a131', '201912', 'KM', 775, 1),
	('a131', '201912', 'NUI', 9, 1),
	('a131', '201912', 'REP', 15, 1),
	('a131', '202001', 'ETP', 12, 1),
	('a131', '202001', 'KM', 484, 1),
	('a131', '202001', 'NUI', 17, 1),
	('a131', '202001', 'REP', 9, 1),
	('a131', '202002', 'ETP', 15, 1),
	('a131', '202002', 'KM', 477, 1),
	('a131', '202002', 'NUI', 7, 1),
	('a131', '202002', 'REP', 12, 1),
	('a131', '202003', 'ETP', 2, 1),
	('a131', '202003', 'KM', 732, 1),
	('a131', '202003', 'NUI', 10, 1),
	('a131', '202003', 'REP', 18, 1),
	('a131', '202004', 'ETP', 19, 1),
	('a131', '202004', 'KM', 876, 1),
	('a131', '202004', 'NUI', 8, 1),
	('a131', '202004', 'REP', 13, 1),
	('a131', '202005', 'ETP', 4, 1),
	('a131', '202005', 'KM', 886, 1),
	('a131', '202005', 'NUI', 13, 1),
	('a131', '202005', 'REP', 9, 1),
	('a131', '202006', 'ETP', 3, 1),
	('a131', '202006', 'KM', 392, 1),
	('a131', '202006', 'NUI', 7, 1),
	('a131', '202006', 'REP', 12, 1),
	('a131', '202007', 'ETP', 12, 1),
	('a131', '202007', 'KM', 773, 1),
	('a131', '202007', 'NUI', 2, 1),
	('a131', '202007', 'REP', 15, 1),
	('a131', '202008', 'ETP', 19, 1),
	('a131', '202008', 'KM', 955, 1),
	('a131', '202008', 'NUI', 19, 1),
	('a131', '202008', 'REP', 5, 1),
	('a131', '202009', 'ETP', 2, 1),
	('a131', '202009', 'KM', 916, 1),
	('a131', '202009', 'NUI', 11, 1),
	('a131', '202009', 'REP', 13, 1),
	('a131', '202010', 'ETP', 6, 1),
	('a131', '202010', 'KM', 986, 1),
	('a131', '202010', 'NUI', 19, 1),
	('a131', '202010', 'REP', 6, 1),
	('a131', '202011', 'ETP', 9, 1),
	('a131', '202011', 'KM', 441, 1),
	('a131', '202011', 'NUI', 15, 1),
	('a131', '202011', 'REP', 17, 1),
	('a131', '202012', 'ETP', 16, 1),
	('a131', '202012', 'KM', 311, 1),
	('a131', '202012', 'NUI', 2, 1),
	('a131', '202012', 'REP', 11, 1),
	('a131', '202101', 'ETP', 7, 1),
	('a131', '202101', 'KM', 574, 1),
	('a131', '202101', 'NUI', 10, 1),
	('a131', '202101', 'REP', 2, 1),
	('a131', '202102', 'ETP', 7, 1),
	('a131', '202102', 'KM', 857, 1),
	('a131', '202102', 'NUI', 3, 1),
	('a131', '202102', 'REP', 14, 1),
	('a131', '202103', 'ETP', 12, 1),
	('a131', '202103', 'KM', 438, 1),
	('a131', '202103', 'NUI', 11, 1),
	('a131', '202103', 'REP', 3, 1),
	('a131', '202104', 'ETP', 11, 1),
	('a131', '202104', 'KM', 346, 1),
	('a131', '202104', 'NUI', 16, 1),
	('a131', '202104', 'REP', 12, 1),
	('a131', '202105', 'ETP', 19, 1),
	('a131', '202105', 'KM', 559, 1),
	('a131', '202105', 'NUI', 12, 1),
	('a131', '202105', 'REP', 15, 1),
	('a131', '202106', 'ETP', 5, 1),
	('a131', '202106', 'KM', 706, 1),
	('a131', '202106', 'NUI', 18, 1),
	('a131', '202106', 'REP', 17, 1),
	('a131', '202107', 'ETP', 3, 1),
	('a131', '202107', 'KM', 763, 1),
	('a131', '202107', 'NUI', 8, 1),
	('a131', '202107', 'REP', 13, 1),
	('a131', '202108', 'ETP', 45, 1),
	('a131', '202108', 'KM', 32, 1),
	('a131', '202108', 'NUI', 8, 1),
	('a131', '202108', 'REP', 2, 1),
	('a131', '202509', 'ETP', 3, 1),
	('a131', '202509', 'KM', 5, 1),
	('a131', '202509', 'NUI', 57, 1),
	('a131', '202509', 'REP', 4, 1),
	('a17', '201901', 'ETP', 2, 1),
	('a17', '201901', 'KM', 359, 1),
	('a17', '201901', 'NUI', 3, 1),
	('a17', '201901', 'REP', 7, 1),
	('a17', '201902', 'ETP', 18, 1),
	('a17', '201902', 'KM', 874, 1),
	('a17', '201902', 'NUI', 15, 1),
	('a17', '201902', 'REP', 12, 1),
	('a17', '201903', 'ETP', 18, 1),
	('a17', '201903', 'KM', 533, 1),
	('a17', '201903', 'NUI', 6, 1),
	('a17', '201903', 'REP', 14, 1),
	('a17', '201904', 'ETP', 20, 1),
	('a17', '201904', 'KM', 716, 1),
	('a17', '201904', 'NUI', 7, 1),
	('a17', '201904', 'REP', 8, 1),
	('a17', '201905', 'ETP', 10, 1),
	('a17', '201905', 'KM', 351, 1),
	('a17', '201905', 'NUI', 2, 1),
	('a17', '201905', 'REP', 16, 1),
	('a17', '201906', 'ETP', 4, 1),
	('a17', '201906', 'KM', 816, 1),
	('a17', '201906', 'NUI', 20, 1),
	('a17', '201906', 'REP', 14, 1),
	('a17', '201907', 'ETP', 10, 1),
	('a17', '201907', 'KM', 338, 1),
	('a17', '201907', 'NUI', 5, 1),
	('a17', '201907', 'REP', 6, 1),
	('a17', '201908', 'ETP', 5, 1),
	('a17', '201908', 'KM', 998, 1),
	('a17', '201908', 'NUI', 8, 1),
	('a17', '201908', 'REP', 7, 1),
	('a17', '201909', 'ETP', 14, 1),
	('a17', '201909', 'KM', 320, 1),
	('a17', '201909', 'NUI', 12, 1),
	('a17', '201909', 'REP', 19, 1),
	('a17', '201910', 'ETP', 16, 1),
	('a17', '201910', 'KM', 386, 1),
	('a17', '201910', 'NUI', 7, 1),
	('a17', '201910', 'REP', 20, 1),
	('a17', '201911', 'ETP', 18, 1),
	('a17', '201911', 'KM', 823, 1),
	('a17', '201911', 'NUI', 16, 1),
	('a17', '201911', 'REP', 12, 1),
	('a17', '201912', 'ETP', 15, 1),
	('a17', '201912', 'KM', 907, 1),
	('a17', '201912', 'NUI', 11, 1),
	('a17', '201912', 'REP', 10, 1),
	('a17', '202001', 'ETP', 16, 1),
	('a17', '202001', 'KM', 969, 1),
	('a17', '202001', 'NUI', 14, 1),
	('a17', '202001', 'REP', 17, 1),
	('a17', '202002', 'ETP', 16, 1),
	('a17', '202002', 'KM', 985, 1),
	('a17', '202002', 'NUI', 16, 1),
	('a17', '202002', 'REP', 11, 1),
	('a17', '202003', 'ETP', 3, 1),
	('a17', '202003', 'KM', 584, 1),
	('a17', '202003', 'NUI', 19, 1),
	('a17', '202003', 'REP', 12, 1),
	('a17', '202004', 'ETP', 13, 1),
	('a17', '202004', 'KM', 444, 1),
	('a17', '202004', 'NUI', 16, 1),
	('a17', '202004', 'REP', 17, 1),
	('a17', '202005', 'ETP', 14, 1),
	('a17', '202005', 'KM', 895, 1),
	('a17', '202005', 'NUI', 8, 1),
	('a17', '202005', 'REP', 10, 1),
	('a17', '202006', 'ETP', 3, 1),
	('a17', '202006', 'KM', 511, 1),
	('a17', '202006', 'NUI', 7, 1),
	('a17', '202006', 'REP', 6, 1),
	('a17', '202007', 'ETP', 5, 1),
	('a17', '202007', 'KM', 324, 1),
	('a17', '202007', 'NUI', 14, 1),
	('a17', '202007', 'REP', 7, 1),
	('a17', '202008', 'ETP', 18, 1),
	('a17', '202008', 'KM', 310, 1),
	('a17', '202008', 'NUI', 3, 1),
	('a17', '202008', 'REP', 9, 1),
	('a17', '202009', 'ETP', 10, 1),
	('a17', '202009', 'KM', 798, 1),
	('a17', '202009', 'NUI', 14, 1),
	('a17', '202009', 'REP', 17, 1),
	('a17', '202010', 'ETP', 16, 1),
	('a17', '202010', 'KM', 366, 1),
	('a17', '202010', 'NUI', 19, 1),
	('a17', '202010', 'REP', 5, 1),
	('a17', '202011', 'ETP', 4, 1),
	('a17', '202011', 'KM', 742, 1),
	('a17', '202011', 'NUI', 2, 1),
	('a17', '202011', 'REP', 16, 1),
	('a17', '202012', 'ETP', 10, 1),
	('a17', '202012', 'KM', 504, 1),
	('a17', '202012', 'NUI', 11, 1),
	('a17', '202012', 'REP', 6, 1),
	('a17', '202101', 'ETP', 2, 1),
	('a17', '202101', 'KM', 680, 1),
	('a17', '202101', 'NUI', 11, 1),
	('a17', '202101', 'REP', 18, 1),
	('a17', '202102', 'ETP', 16, 1),
	('a17', '202102', 'KM', 549, 1),
	('a17', '202102', 'NUI', 14, 1),
	('a17', '202102', 'REP', 8, 1),
	('a17', '202103', 'ETP', 19, 1),
	('a17', '202103', 'KM', 438, 1),
	('a17', '202103', 'NUI', 19, 1),
	('a17', '202103', 'REP', 19, 1),
	('a17', '202104', 'ETP', 9, 1),
	('a17', '202104', 'KM', 326, 1),
	('a17', '202104', 'NUI', 2, 1),
	('a17', '202104', 'REP', 7, 1),
	('a17', '202105', 'ETP', 11, 1),
	('a17', '202105', 'KM', 540, 1),
	('a17', '202105', 'NUI', 2, 1),
	('a17', '202105', 'REP', 14, 1),
	('a17', '202106', 'ETP', 4, 1),
	('a17', '202106', 'KM', 360, 1),
	('a17', '202106', 'NUI', 10, 1),
	('a17', '202106', 'REP', 16, 1),
	('a17', '202107', 'ETP', 12, 1),
	('a17', '202107', 'KM', 813, 1),
	('a17', '202107', 'NUI', 10, 1),
	('a17', '202107', 'REP', 17, 1),
	('a55', '201901', 'ETP', 14, 1),
	('a55', '201901', 'KM', 476, 1),
	('a55', '201901', 'NUI', 14, 1),
	('a55', '201901', 'REP', 12, 1),
	('a55', '201902', 'ETP', 17, 1),
	('a55', '201902', 'KM', 379, 1),
	('a55', '201902', 'NUI', 3, 1),
	('a55', '201902', 'REP', 4, 1),
	('a55', '201903', 'ETP', 17, 1),
	('a55', '201903', 'KM', 499, 1),
	('a55', '201903', 'NUI', 8, 1),
	('a55', '201903', 'REP', 9, 1),
	('a55', '201904', 'ETP', 2, 1),
	('a55', '201904', 'KM', 465, 1),
	('a55', '201904', 'NUI', 13, 1),
	('a55', '201904', 'REP', 9, 1),
	('a55', '201905', 'ETP', 7, 1),
	('a55', '201905', 'KM', 955, 1),
	('a55', '201905', 'NUI', 8, 1),
	('a55', '201905', 'REP', 2, 1),
	('a55', '201906', 'ETP', 19, 1),
	('a55', '201906', 'KM', 896, 1),
	('a55', '201906', 'NUI', 16, 1),
	('a55', '201906', 'REP', 8, 1),
	('a55', '201907', 'ETP', 18, 1),
	('a55', '201907', 'KM', 967, 1),
	('a55', '201907', 'NUI', 9, 1),
	('a55', '201907', 'REP', 5, 1),
	('a55', '201908', 'ETP', 8, 1),
	('a55', '201908', 'KM', 796, 1),
	('a55', '201908', 'NUI', 7, 1),
	('a55', '201908', 'REP', 16, 1),
	('a55', '201909', 'ETP', 6, 1),
	('a55', '201909', 'KM', 360, 1),
	('a55', '201909', 'NUI', 5, 1),
	('a55', '201909', 'REP', 15, 1),
	('a55', '201910', 'ETP', 19, 1),
	('a55', '201910', 'KM', 690, 1),
	('a55', '201910', 'NUI', 2, 1),
	('a55', '201910', 'REP', 7, 1),
	('a55', '201911', 'ETP', 6, 1),
	('a55', '201911', 'KM', 361, 1),
	('a55', '201911', 'NUI', 10, 1),
	('a55', '201911', 'REP', 6, 1),
	('a55', '201912', 'ETP', 11, 1),
	('a55', '201912', 'KM', 404, 1),
	('a55', '201912', 'NUI', 13, 1),
	('a55', '201912', 'REP', 17, 1),
	('a55', '202001', 'ETP', 12, 1),
	('a55', '202001', 'KM', 795, 1),
	('a55', '202001', 'NUI', 3, 1),
	('a55', '202001', 'REP', 13, 1),
	('a55', '202002', 'ETP', 16, 1),
	('a55', '202002', 'KM', 462, 1),
	('a55', '202002', 'NUI', 18, 1),
	('a55', '202002', 'REP', 20, 1),
	('a55', '202003', 'ETP', 20, 1),
	('a55', '202003', 'KM', 785, 1),
	('a55', '202003', 'NUI', 14, 1),
	('a55', '202003', 'REP', 12, 1),
	('a55', '202004', 'ETP', 11, 1),
	('a55', '202004', 'KM', 691, 1),
	('a55', '202004', 'NUI', 11, 1),
	('a55', '202004', 'REP', 12, 1),
	('a55', '202005', 'ETP', 5, 1),
	('a55', '202005', 'KM', 858, 1),
	('a55', '202005', 'NUI', 2, 1),
	('a55', '202005', 'REP', 16, 1),
	('a55', '202006', 'ETP', 10, 1),
	('a55', '202006', 'KM', 914, 1),
	('a55', '202006', 'NUI', 8, 1),
	('a55', '202006', 'REP', 8, 1),
	('a55', '202007', 'ETP', 2, 1),
	('a55', '202007', 'KM', 837, 1),
	('a55', '202007', 'NUI', 20, 1),
	('a55', '202007', 'REP', 2, 1),
	('a55', '202008', 'ETP', 8, 1),
	('a55', '202008', 'KM', 956, 1),
	('a55', '202008', 'NUI', 2, 1),
	('a55', '202008', 'REP', 2, 1),
	('a55', '202009', 'ETP', 5, 1),
	('a55', '202009', 'KM', 548, 1),
	('a55', '202009', 'NUI', 4, 1),
	('a55', '202009', 'REP', 3, 1),
	('a55', '202010', 'ETP', 20, 1),
	('a55', '202010', 'KM', 642, 1),
	('a55', '202010', 'NUI', 8, 1),
	('a55', '202010', 'REP', 10, 1),
	('a55', '202011', 'ETP', 10, 1),
	('a55', '202011', 'KM', 516, 1),
	('a55', '202011', 'NUI', 8, 1),
	('a55', '202011', 'REP', 15, 1),
	('a55', '202012', 'ETP', 2, 1),
	('a55', '202012', 'KM', 498, 1),
	('a55', '202012', 'NUI', 4, 1),
	('a55', '202012', 'REP', 6, 1),
	('a55', '202101', 'ETP', 12, 1),
	('a55', '202101', 'KM', 567, 1),
	('a55', '202101', 'NUI', 7, 1),
	('a55', '202101', 'REP', 14, 1),
	('a55', '202102', 'ETP', 7, 1),
	('a55', '202102', 'KM', 349, 1),
	('a55', '202102', 'NUI', 2, 1),
	('a55', '202102', 'REP', 6, 1),
	('a55', '202103', 'ETP', 5, 1),
	('a55', '202103', 'KM', 524, 1),
	('a55', '202103', 'NUI', 17, 1),
	('a55', '202103', 'REP', 14, 1),
	('a55', '202104', 'ETP', 12, 1),
	('a55', '202104', 'KM', 720, 1),
	('a55', '202104', 'NUI', 17, 1),
	('a55', '202104', 'REP', 5, 1),
	('a55', '202105', 'ETP', 6, 1),
	('a55', '202105', 'KM', 914, 1),
	('a55', '202105', 'NUI', 12, 1),
	('a55', '202105', 'REP', 10, 1),
	('a55', '202106', 'ETP', 11, 1),
	('a55', '202106', 'KM', 735, 1),
	('a55', '202106', 'NUI', 6, 1),
	('a55', '202106', 'REP', 16, 1),
	('a55', '202107', 'ETP', 7, 1),
	('a55', '202107', 'KM', 861, 1),
	('a55', '202107', 'NUI', 9, 1),
	('a55', '202107', 'REP', 17, 1),
	('a55', '202511', 'ETP', 0, 1),
	('a55', '202511', 'KM', 0, 1),
	('a55', '202511', 'NUI', 0, 1),
	('a55', '202511', 'REP', 0, 1),
	('a93', '201901', 'ETP', 19, 1),
	('a93', '201901', 'KM', 919, 1),
	('a93', '201901', 'NUI', 3, 1),
	('a93', '201901', 'REP', 17, 1),
	('a93', '201902', 'ETP', 6, 1),
	('a93', '201902', 'KM', 889, 1),
	('a93', '201902', 'NUI', 19, 1),
	('a93', '201902', 'REP', 10, 1),
	('a93', '201903', 'ETP', 12, 1),
	('a93', '201903', 'KM', 398, 1),
	('a93', '201903', 'NUI', 3, 1),
	('a93', '201903', 'REP', 2, 1),
	('a93', '201904', 'ETP', 16, 1),
	('a93', '201904', 'KM', 825, 1),
	('a93', '201904', 'NUI', 2, 1),
	('a93', '201904', 'REP', 5, 1),
	('a93', '201905', 'ETP', 4, 1),
	('a93', '201905', 'KM', 396, 1),
	('a93', '201905', 'NUI', 20, 1),
	('a93', '201905', 'REP', 5, 1),
	('a93', '201906', 'ETP', 13, 1),
	('a93', '201906', 'KM', 492, 1),
	('a93', '201906', 'NUI', 9, 1),
	('a93', '201906', 'REP', 15, 1),
	('a93', '201907', 'ETP', 10, 1),
	('a93', '201907', 'KM', 740, 1),
	('a93', '201907', 'NUI', 11, 1),
	('a93', '201907', 'REP', 20, 1),
	('a93', '201908', 'ETP', 12, 1),
	('a93', '201908', 'KM', 416, 1),
	('a93', '201908', 'NUI', 17, 1),
	('a93', '201908', 'REP', 16, 1),
	('a93', '201909', 'ETP', 6, 1),
	('a93', '201909', 'KM', 552, 1),
	('a93', '201909', 'NUI', 9, 1),
	('a93', '201909', 'REP', 6, 1),
	('a93', '201910', 'ETP', 8, 1),
	('a93', '201910', 'KM', 423, 1),
	('a93', '201910', 'NUI', 20, 1),
	('a93', '201910', 'REP', 4, 1),
	('a93', '201911', 'ETP', 5, 1),
	('a93', '201911', 'KM', 359, 1),
	('a93', '201911', 'NUI', 11, 1),
	('a93', '201911', 'REP', 14, 1),
	('a93', '201912', 'ETP', 14, 1),
	('a93', '201912', 'KM', 337, 1),
	('a93', '201912', 'NUI', 14, 1),
	('a93', '201912', 'REP', 12, 1),
	('a93', '202001', 'ETP', 4, 1),
	('a93', '202001', 'KM', 686, 1),
	('a93', '202001', 'NUI', 11, 1),
	('a93', '202001', 'REP', 2, 1),
	('a93', '202002', 'ETP', 9, 1),
	('a93', '202002', 'KM', 683, 1),
	('a93', '202002', 'NUI', 13, 1),
	('a93', '202002', 'REP', 17, 1),
	('a93', '202003', 'ETP', 16, 1),
	('a93', '202003', 'KM', 657, 1),
	('a93', '202003', 'NUI', 3, 1),
	('a93', '202003', 'REP', 3, 1),
	('a93', '202004', 'ETP', 4, 1),
	('a93', '202004', 'KM', 586, 1),
	('a93', '202004', 'NUI', 13, 1),
	('a93', '202004', 'REP', 13, 1),
	('a93', '202005', 'ETP', 18, 1),
	('a93', '202005', 'KM', 798, 1),
	('a93', '202005', 'NUI', 4, 1),
	('a93', '202005', 'REP', 12, 1),
	('a93', '202006', 'ETP', 16, 1),
	('a93', '202006', 'KM', 570, 1),
	('a93', '202006', 'NUI', 8, 1),
	('a93', '202006', 'REP', 15, 1),
	('a93', '202007', 'ETP', 5, 1),
	('a93', '202007', 'KM', 933, 1),
	('a93', '202007', 'NUI', 7, 1),
	('a93', '202007', 'REP', 5, 1),
	('a93', '202008', 'ETP', 20, 1),
	('a93', '202008', 'KM', 462, 1),
	('a93', '202008', 'NUI', 13, 1),
	('a93', '202008', 'REP', 17, 1),
	('a93', '202009', 'ETP', 10, 1),
	('a93', '202009', 'KM', 888, 1),
	('a93', '202009', 'NUI', 9, 1),
	('a93', '202009', 'REP', 16, 1),
	('a93', '202010', 'ETP', 11, 1),
	('a93', '202010', 'KM', 786, 1),
	('a93', '202010', 'NUI', 5, 1),
	('a93', '202010', 'REP', 16, 1),
	('a93', '202011', 'ETP', 10, 1),
	('a93', '202011', 'KM', 486, 1),
	('a93', '202011', 'NUI', 3, 1),
	('a93', '202011', 'REP', 2, 1),
	('a93', '202012', 'ETP', 4, 1),
	('a93', '202012', 'KM', 667, 1),
	('a93', '202012', 'NUI', 16, 1),
	('a93', '202012', 'REP', 7, 1),
	('a93', '202101', 'ETP', 19, 1),
	('a93', '202101', 'KM', 956, 1),
	('a93', '202101', 'NUI', 6, 1),
	('a93', '202101', 'REP', 16, 1),
	('a93', '202102', 'ETP', 13, 1),
	('a93', '202102', 'KM', 630, 1),
	('a93', '202102', 'NUI', 3, 1),
	('a93', '202102', 'REP', 4, 1),
	('a93', '202103', 'ETP', 12, 1),
	('a93', '202103', 'KM', 719, 1),
	('a93', '202103', 'NUI', 11, 1),
	('a93', '202103', 'REP', 13, 1),
	('a93', '202104', 'ETP', 14, 1),
	('a93', '202104', 'KM', 500, 1),
	('a93', '202104', 'NUI', 20, 1),
	('a93', '202104', 'REP', 20, 1),
	('a93', '202105', 'ETP', 5, 1),
	('a93', '202105', 'KM', 301, 1),
	('a93', '202105', 'NUI', 14, 1),
	('a93', '202105', 'REP', 9, 1),
	('a93', '202106', 'ETP', 2, 1),
	('a93', '202106', 'KM', 802, 1),
	('a93', '202106', 'NUI', 4, 1),
	('a93', '202106', 'REP', 14, 1),
	('a93', '202107', 'ETP', 11, 1),
	('a93', '202107', 'KM', 929, 1),
	('a93', '202107', 'NUI', 10, 1),
	('a93', '202107', 'REP', 18, 1),
	('b13', '201901', 'ETP', 11, 1),
	('b13', '201901', 'KM', 661, 1),
	('b13', '201901', 'NUI', 7, 1),
	('b13', '201901', 'REP', 18, 1),
	('b13', '201902', 'ETP', 8, 1),
	('b13', '201902', 'KM', 325, 1),
	('b13', '201902', 'NUI', 14, 1),
	('b13', '201902', 'REP', 17, 1),
	('b13', '201903', 'ETP', 17, 1),
	('b13', '201903', 'KM', 602, 1),
	('b13', '201903', 'NUI', 6, 1),
	('b13', '201903', 'REP', 9, 1),
	('b13', '201904', 'ETP', 8, 1),
	('b13', '201904', 'KM', 417, 1),
	('b13', '201904', 'NUI', 2, 1),
	('b13', '201904', 'REP', 18, 1),
	('b13', '201905', 'ETP', 15, 1),
	('b13', '201905', 'KM', 450, 1),
	('b13', '201905', 'NUI', 15, 1),
	('b13', '201905', 'REP', 20, 1),
	('b13', '201906', 'ETP', 7, 1),
	('b13', '201906', 'KM', 328, 1),
	('b13', '201906', 'NUI', 7, 1),
	('b13', '201906', 'REP', 19, 1),
	('b13', '201907', 'ETP', 19, 1),
	('b13', '201907', 'KM', 730, 1),
	('b13', '201907', 'NUI', 10, 1),
	('b13', '201907', 'REP', 9, 1),
	('b13', '201908', 'ETP', 20, 1),
	('b13', '201908', 'KM', 584, 1),
	('b13', '201908', 'NUI', 6, 1),
	('b13', '201908', 'REP', 13, 1),
	('b13', '201909', 'ETP', 6, 1),
	('b13', '201909', 'KM', 567, 1),
	('b13', '201909', 'NUI', 5, 1),
	('b13', '201909', 'REP', 8, 1),
	('b13', '201910', 'ETP', 3, 1),
	('b13', '201910', 'KM', 308, 1),
	('b13', '201910', 'NUI', 11, 1),
	('b13', '201910', 'REP', 16, 1),
	('b13', '201911', 'ETP', 9, 1),
	('b13', '201911', 'KM', 486, 1),
	('b13', '201911', 'NUI', 16, 1),
	('b13', '201911', 'REP', 12, 1),
	('b13', '201912', 'ETP', 10, 1),
	('b13', '201912', 'KM', 728, 1),
	('b13', '201912', 'NUI', 20, 1),
	('b13', '201912', 'REP', 2, 1),
	('b13', '202001', 'ETP', 4, 1),
	('b13', '202001', 'KM', 312, 1),
	('b13', '202001', 'NUI', 17, 1),
	('b13', '202001', 'REP', 18, 1),
	('b13', '202002', 'ETP', 16, 1),
	('b13', '202002', 'KM', 968, 1),
	('b13', '202002', 'NUI', 8, 1),
	('b13', '202002', 'REP', 7, 1),
	('b13', '202003', 'ETP', 5, 1),
	('b13', '202003', 'KM', 571, 1),
	('b13', '202003', 'NUI', 4, 1),
	('b13', '202003', 'REP', 20, 1),
	('b13', '202004', 'ETP', 16, 1),
	('b13', '202004', 'KM', 851, 1),
	('b13', '202004', 'NUI', 8, 1),
	('b13', '202004', 'REP', 5, 1),
	('b13', '202005', 'ETP', 8, 1),
	('b13', '202005', 'KM', 386, 1),
	('b13', '202005', 'NUI', 11, 1),
	('b13', '202005', 'REP', 14, 1),
	('b13', '202006', 'ETP', 6, 1),
	('b13', '202006', 'KM', 904, 1),
	('b13', '202006', 'NUI', 15, 1),
	('b13', '202006', 'REP', 12, 1),
	('b13', '202007', 'ETP', 8, 1),
	('b13', '202007', 'KM', 984, 1),
	('b13', '202007', 'NUI', 13, 1),
	('b13', '202007', 'REP', 13, 1),
	('b13', '202008', 'ETP', 20, 1),
	('b13', '202008', 'KM', 952, 1),
	('b13', '202008', 'NUI', 7, 1),
	('b13', '202008', 'REP', 3, 1),
	('b13', '202009', 'ETP', 19, 1),
	('b13', '202009', 'KM', 788, 1),
	('b13', '202009', 'NUI', 7, 1),
	('b13', '202009', 'REP', 14, 1),
	('b13', '202010', 'ETP', 13, 1),
	('b13', '202010', 'KM', 819, 1),
	('b13', '202010', 'NUI', 15, 1),
	('b13', '202010', 'REP', 12, 1),
	('b13', '202011', 'ETP', 17, 1),
	('b13', '202011', 'KM', 323, 1),
	('b13', '202011', 'NUI', 6, 1),
	('b13', '202011', 'REP', 10, 1),
	('b13', '202012', 'ETP', 20, 1),
	('b13', '202012', 'KM', 330, 1),
	('b13', '202012', 'NUI', 17, 1),
	('b13', '202012', 'REP', 14, 1),
	('b13', '202101', 'ETP', 18, 1),
	('b13', '202101', 'KM', 818, 1),
	('b13', '202101', 'NUI', 5, 1),
	('b13', '202101', 'REP', 18, 1),
	('b13', '202102', 'ETP', 17, 1),
	('b13', '202102', 'KM', 712, 1),
	('b13', '202102', 'NUI', 8, 1),
	('b13', '202102', 'REP', 6, 1),
	('b13', '202103', 'ETP', 14, 1),
	('b13', '202103', 'KM', 693, 1),
	('b13', '202103', 'NUI', 18, 1),
	('b13', '202103', 'REP', 12, 1),
	('b13', '202104', 'ETP', 17, 1),
	('b13', '202104', 'KM', 387, 1),
	('b13', '202104', 'NUI', 20, 1),
	('b13', '202104', 'REP', 20, 1),
	('b13', '202105', 'ETP', 3, 1),
	('b13', '202105', 'KM', 475, 1),
	('b13', '202105', 'NUI', 4, 1),
	('b13', '202105', 'REP', 7, 1),
	('b13', '202106', 'ETP', 17, 1),
	('b13', '202106', 'KM', 583, 1),
	('b13', '202106', 'NUI', 11, 1),
	('b13', '202106', 'REP', 14, 1),
	('b13', '202107', 'ETP', 18, 1),
	('b13', '202107', 'KM', 690, 1),
	('b13', '202107', 'NUI', 14, 1),
	('b13', '202107', 'REP', 17, 1),
	('b16', '201901', 'ETP', 12, 1),
	('b16', '201901', 'KM', 423, 1),
	('b16', '201901', 'NUI', 15, 1),
	('b16', '201901', 'REP', 2, 1),
	('b16', '201902', 'ETP', 15, 1),
	('b16', '201902', 'KM', 461, 1),
	('b16', '201902', 'NUI', 5, 1),
	('b16', '201902', 'REP', 19, 1),
	('b16', '201903', 'ETP', 15, 1),
	('b16', '201903', 'KM', 432, 1),
	('b16', '201903', 'NUI', 7, 1),
	('b16', '201903', 'REP', 17, 1),
	('b16', '201904', 'ETP', 9, 1),
	('b16', '201904', 'KM', 314, 1),
	('b16', '201904', 'NUI', 12, 1),
	('b16', '201904', 'REP', 8, 1),
	('b16', '201905', 'ETP', 3, 1),
	('b16', '201905', 'KM', 436, 1),
	('b16', '201905', 'NUI', 2, 1),
	('b16', '201905', 'REP', 16, 1),
	('b16', '201906', 'ETP', 14, 1),
	('b16', '201906', 'KM', 775, 1),
	('b16', '201906', 'NUI', 9, 1),
	('b16', '201906', 'REP', 17, 1),
	('b16', '201907', 'ETP', 10, 1),
	('b16', '201907', 'KM', 960, 1),
	('b16', '201907', 'NUI', 14, 1),
	('b16', '201907', 'REP', 14, 1),
	('b16', '201908', 'ETP', 6, 1),
	('b16', '201908', 'KM', 968, 1),
	('b16', '201908', 'NUI', 11, 1),
	('b16', '201908', 'REP', 3, 1),
	('b16', '201909', 'ETP', 11, 1),
	('b16', '201909', 'KM', 427, 1),
	('b16', '201909', 'NUI', 19, 1),
	('b16', '201909', 'REP', 6, 1),
	('b16', '201910', 'ETP', 19, 1),
	('b16', '201910', 'KM', 718, 1),
	('b16', '201910', 'NUI', 13, 1),
	('b16', '201910', 'REP', 18, 1),
	('b16', '201911', 'ETP', 20, 1),
	('b16', '201911', 'KM', 765, 1),
	('b16', '201911', 'NUI', 13, 1),
	('b16', '201911', 'REP', 6, 1),
	('b16', '201912', 'ETP', 10, 1),
	('b16', '201912', 'KM', 549, 1),
	('b16', '201912', 'NUI', 12, 1),
	('b16', '201912', 'REP', 2, 1),
	('b16', '202001', 'ETP', 15, 1),
	('b16', '202001', 'KM', 397, 1),
	('b16', '202001', 'NUI', 10, 1),
	('b16', '202001', 'REP', 9, 1),
	('b16', '202002', 'ETP', 12, 1),
	('b16', '202002', 'KM', 988, 1),
	('b16', '202002', 'NUI', 20, 1),
	('b16', '202002', 'REP', 5, 1),
	('b16', '202003', 'ETP', 9, 1),
	('b16', '202003', 'KM', 549, 1),
	('b16', '202003', 'NUI', 5, 1),
	('b16', '202003', 'REP', 12, 1),
	('b16', '202004', 'ETP', 2, 1),
	('b16', '202004', 'KM', 458, 1),
	('b16', '202004', 'NUI', 15, 1),
	('b16', '202004', 'REP', 5, 1),
	('b16', '202005', 'ETP', 17, 1),
	('b16', '202005', 'KM', 345, 1),
	('b16', '202005', 'NUI', 12, 1),
	('b16', '202005', 'REP', 8, 1),
	('b16', '202006', 'ETP', 12, 1),
	('b16', '202006', 'KM', 887, 1),
	('b16', '202006', 'NUI', 9, 1),
	('b16', '202006', 'REP', 15, 1),
	('b16', '202007', 'ETP', 14, 1),
	('b16', '202007', 'KM', 310, 1),
	('b16', '202007', 'NUI', 8, 1),
	('b16', '202007', 'REP', 12, 1),
	('b16', '202008', 'ETP', 19, 1),
	('b16', '202008', 'KM', 696, 1),
	('b16', '202008', 'NUI', 19, 1),
	('b16', '202008', 'REP', 12, 1),
	('b16', '202009', 'ETP', 15, 1),
	('b16', '202009', 'KM', 971, 1),
	('b16', '202009', 'NUI', 7, 1),
	('b16', '202009', 'REP', 20, 1),
	('b16', '202010', 'ETP', 18, 1),
	('b16', '202010', 'KM', 413, 1),
	('b16', '202010', 'NUI', 20, 1),
	('b16', '202010', 'REP', 10, 1),
	('b16', '202011', 'ETP', 16, 1),
	('b16', '202011', 'KM', 751, 1),
	('b16', '202011', 'NUI', 3, 1),
	('b16', '202011', 'REP', 7, 1),
	('b16', '202012', 'ETP', 5, 1),
	('b16', '202012', 'KM', 562, 1),
	('b16', '202012', 'NUI', 6, 1),
	('b16', '202012', 'REP', 4, 1),
	('b16', '202101', 'ETP', 11, 1),
	('b16', '202101', 'KM', 875, 1),
	('b16', '202101', 'NUI', 12, 1),
	('b16', '202101', 'REP', 7, 1),
	('b16', '202102', 'ETP', 12, 1),
	('b16', '202102', 'KM', 968, 1),
	('b16', '202102', 'NUI', 13, 1),
	('b16', '202102', 'REP', 9, 1),
	('b16', '202103', 'ETP', 14, 1),
	('b16', '202103', 'KM', 468, 1),
	('b16', '202103', 'NUI', 10, 1),
	('b16', '202103', 'REP', 15, 1),
	('b16', '202104', 'ETP', 16, 1),
	('b16', '202104', 'KM', 756, 1),
	('b16', '202104', 'NUI', 15, 1),
	('b16', '202104', 'REP', 20, 1),
	('b16', '202105', 'ETP', 3, 1),
	('b16', '202105', 'KM', 757, 1),
	('b16', '202105', 'NUI', 10, 1),
	('b16', '202105', 'REP', 8, 1),
	('b16', '202106', 'ETP', 12, 1),
	('b16', '202106', 'KM', 450, 1),
	('b16', '202106', 'NUI', 7, 1),
	('b16', '202106', 'REP', 13, 1),
	('b16', '202107', 'ETP', 10, 1),
	('b16', '202107', 'KM', 865, 1),
	('b16', '202107', 'NUI', 8, 1),
	('b16', '202107', 'REP', 19, 1),
	('b19', '201901', 'ETP', 15, 0),
	('b19', '201901', 'KM', 577, 0),
	('b19', '201901', 'NUI', 5, 0),
	('b19', '201901', 'REP', 2, 0),
	('b19', '201902', 'ETP', 12, 0),
	('b19', '201902', 'KM', 617, 0),
	('b19', '201902', 'NUI', 19, 0),
	('b19', '201902', 'REP', 4, 0),
	('b19', '201903', 'ETP', 19, 0),
	('b19', '201903', 'KM', 962, 0),
	('b19', '201903', 'NUI', 4, 0),
	('b19', '201903', 'REP', 20, 0),
	('b19', '201904', 'ETP', 3, 0),
	('b19', '201904', 'KM', 539, 0),
	('b19', '201904', 'NUI', 18, 0),
	('b19', '201904', 'REP', 17, 0),
	('b19', '201905', 'ETP', 20, 0),
	('b19', '201905', 'KM', 728, 0),
	('b19', '201905', 'NUI', 17, 0),
	('b19', '201905', 'REP', 7, 0),
	('b19', '201906', 'ETP', 18, 0),
	('b19', '201906', 'KM', 455, 0),
	('b19', '201906', 'NUI', 2, 0),
	('b19', '201906', 'REP', 14, 0),
	('b19', '201907', 'ETP', 13, 0),
	('b19', '201907', 'KM', 400, 0),
	('b19', '201907', 'NUI', 2, 0),
	('b19', '201907', 'REP', 13, 0),
	('b19', '201908', 'ETP', 12, 0),
	('b19', '201908', 'KM', 892, 0),
	('b19', '201908', 'NUI', 2, 0),
	('b19', '201908', 'REP', 9, 0),
	('b19', '201909', 'ETP', 12, 0),
	('b19', '201909', 'KM', 506, 0),
	('b19', '201909', 'NUI', 12, 0),
	('b19', '201909', 'REP', 16, 0),
	('b19', '201910', 'ETP', 20, 0),
	('b19', '201910', 'KM', 972, 0),
	('b19', '201910', 'NUI', 14, 0),
	('b19', '201910', 'REP', 18, 0),
	('b19', '201911', 'ETP', 14, 0),
	('b19', '201911', 'KM', 868, 0),
	('b19', '201911', 'NUI', 2, 0),
	('b19', '201911', 'REP', 10, 0),
	('b19', '201912', 'ETP', 18, 0),
	('b19', '201912', 'KM', 522, 0),
	('b19', '201912', 'NUI', 15, 0),
	('b19', '201912', 'REP', 15, 0),
	('b19', '202001', 'ETP', 12, 0),
	('b19', '202001', 'KM', 612, 0),
	('b19', '202001', 'NUI', 8, 0),
	('b19', '202001', 'REP', 10, 0),
	('b19', '202002', 'ETP', 20, 0),
	('b19', '202002', 'KM', 767, 0),
	('b19', '202002', 'NUI', 19, 0),
	('b19', '202002', 'REP', 17, 0),
	('b19', '202003', 'ETP', 2, 0),
	('b19', '202003', 'KM', 964, 0),
	('b19', '202003', 'NUI', 4, 0),
	('b19', '202003', 'REP', 11, 0),
	('b19', '202004', 'ETP', 2, 0),
	('b19', '202004', 'KM', 831, 0),
	('b19', '202004', 'NUI', 2, 0),
	('b19', '202004', 'REP', 16, 0),
	('b19', '202005', 'ETP', 18, 0),
	('b19', '202005', 'KM', 346, 0),
	('b19', '202005', 'NUI', 6, 0),
	('b19', '202005', 'REP', 8, 0),
	('b19', '202006', 'ETP', 17, 0),
	('b19', '202006', 'KM', 539, 0),
	('b19', '202006', 'NUI', 17, 0),
	('b19', '202006', 'REP', 10, 0),
	('b19', '202007', 'ETP', 16, 0),
	('b19', '202007', 'KM', 687, 0),
	('b19', '202007', 'NUI', 8, 0),
	('b19', '202007', 'REP', 16, 0),
	('b19', '202008', 'ETP', 2, 0),
	('b19', '202008', 'KM', 417, 0),
	('b19', '202008', 'NUI', 19, 0),
	('b19', '202008', 'REP', 12, 0),
	('b19', '202009', 'ETP', 11, 0),
	('b19', '202009', 'KM', 409, 0),
	('b19', '202009', 'NUI', 6, 0),
	('b19', '202009', 'REP', 11, 0),
	('b19', '202010', 'ETP', 11, 0),
	('b19', '202010', 'KM', 991, 0),
	('b19', '202010', 'NUI', 6, 0),
	('b19', '202010', 'REP', 17, 0),
	('b19', '202011', 'ETP', 17, 0),
	('b19', '202011', 'KM', 739, 0),
	('b19', '202011', 'NUI', 13, 0),
	('b19', '202011', 'REP', 6, 0),
	('b19', '202012', 'ETP', 18, 0),
	('b19', '202012', 'KM', 682, 0),
	('b19', '202012', 'NUI', 10, 0),
	('b19', '202012', 'REP', 2, 0),
	('b19', '202101', 'ETP', 11, 0),
	('b19', '202101', 'KM', 800, 0),
	('b19', '202101', 'NUI', 7, 0),
	('b19', '202101', 'REP', 17, 0),
	('b19', '202102', 'ETP', 20, 0),
	('b19', '202102', 'KM', 719, 0),
	('b19', '202102', 'NUI', 7, 0),
	('b19', '202102', 'REP', 19, 0),
	('b19', '202103', 'ETP', 6, 0),
	('b19', '202103', 'KM', 418, 0),
	('b19', '202103', 'NUI', 2, 0),
	('b19', '202103', 'REP', 20, 0),
	('b19', '202104', 'ETP', 12, 0),
	('b19', '202104', 'KM', 926, 0),
	('b19', '202104', 'NUI', 12, 0),
	('b19', '202104', 'REP', 6, 0),
	('b19', '202105', 'ETP', 17, 0),
	('b19', '202105', 'KM', 819, 0),
	('b19', '202105', 'NUI', 11, 0),
	('b19', '202105', 'REP', 9, 0),
	('b19', '202106', 'ETP', 8, 0),
	('b19', '202106', 'KM', 426, 0),
	('b19', '202106', 'NUI', 19, 0),
	('b19', '202106', 'REP', 15, 0),
	('b19', '202107', 'ETP', 2, 0),
	('b19', '202107', 'KM', 426, 0),
	('b19', '202107', 'NUI', 11, 0),
	('b19', '202107', 'REP', 19, 0),
	('b25', '201901', 'ETP', 3, 1),
	('b25', '201901', 'KM', 446, 1),
	('b25', '201901', 'NUI', 6, 1),
	('b25', '201901', 'REP', 4, 1),
	('b25', '201902', 'ETP', 11, 1),
	('b25', '201902', 'KM', 465, 1),
	('b25', '201902', 'NUI', 16, 1),
	('b25', '201902', 'REP', 5, 1),
	('b25', '201903', 'ETP', 12, 1),
	('b25', '201903', 'KM', 811, 1),
	('b25', '201903', 'NUI', 5, 1),
	('b25', '201903', 'REP', 6, 1),
	('b25', '201904', 'ETP', 3, 1),
	('b25', '201904', 'KM', 762, 1),
	('b25', '201904', 'NUI', 2, 1),
	('b25', '201904', 'REP', 2, 1),
	('b25', '201905', 'ETP', 11, 1),
	('b25', '201905', 'KM', 646, 1),
	('b25', '201905', 'NUI', 11, 1),
	('b25', '201905', 'REP', 17, 1),
	('b25', '201906', 'ETP', 12, 1),
	('b25', '201906', 'KM', 440, 1),
	('b25', '201906', 'NUI', 4, 1),
	('b25', '201906', 'REP', 5, 1),
	('b25', '201907', 'ETP', 13, 1),
	('b25', '201907', 'KM', 474, 1),
	('b25', '201907', 'NUI', 20, 1),
	('b25', '201907', 'REP', 11, 1),
	('b25', '201908', 'ETP', 12, 1),
	('b25', '201908', 'KM', 726, 1),
	('b25', '201908', 'NUI', 15, 1),
	('b25', '201908', 'REP', 9, 1),
	('b25', '201909', 'ETP', 15, 1),
	('b25', '201909', 'KM', 823, 1),
	('b25', '201909', 'NUI', 9, 1),
	('b25', '201909', 'REP', 4, 1),
	('b25', '201910', 'ETP', 19, 1),
	('b25', '201910', 'KM', 744, 1),
	('b25', '201910', 'NUI', 12, 1),
	('b25', '201910', 'REP', 10, 1),
	('b25', '201911', 'ETP', 11, 1),
	('b25', '201911', 'KM', 816, 1),
	('b25', '201911', 'NUI', 9, 1),
	('b25', '201911', 'REP', 11, 1),
	('b25', '201912', 'ETP', 8, 1),
	('b25', '201912', 'KM', 318, 1),
	('b25', '201912', 'NUI', 10, 1),
	('b25', '201912', 'REP', 20, 1),
	('b25', '202001', 'ETP', 16, 1),
	('b25', '202001', 'KM', 979, 1),
	('b25', '202001', 'NUI', 17, 1),
	('b25', '202001', 'REP', 6, 1),
	('b25', '202002', 'ETP', 13, 1),
	('b25', '202002', 'KM', 675, 1),
	('b25', '202002', 'NUI', 4, 1),
	('b25', '202002', 'REP', 18, 1),
	('b25', '202003', 'ETP', 6, 1),
	('b25', '202003', 'KM', 435, 1),
	('b25', '202003', 'NUI', 9, 1),
	('b25', '202003', 'REP', 5, 1),
	('b25', '202004', 'ETP', 11, 1),
	('b25', '202004', 'KM', 939, 1),
	('b25', '202004', 'NUI', 7, 1),
	('b25', '202004', 'REP', 17, 1),
	('b25', '202005', 'ETP', 14, 1),
	('b25', '202005', 'KM', 412, 1),
	('b25', '202005', 'NUI', 19, 1),
	('b25', '202005', 'REP', 2, 1),
	('b25', '202006', 'ETP', 14, 1),
	('b25', '202006', 'KM', 935, 1),
	('b25', '202006', 'NUI', 16, 1),
	('b25', '202006', 'REP', 12, 1),
	('b25', '202007', 'ETP', 17, 1),
	('b25', '202007', 'KM', 733, 1),
	('b25', '202007', 'NUI', 2, 1),
	('b25', '202007', 'REP', 12, 1),
	('b25', '202008', 'ETP', 20, 1),
	('b25', '202008', 'KM', 487, 1),
	('b25', '202008', 'NUI', 6, 1),
	('b25', '202008', 'REP', 17, 1),
	('b25', '202009', 'ETP', 10, 1),
	('b25', '202009', 'KM', 524, 1),
	('b25', '202009', 'NUI', 12, 1),
	('b25', '202009', 'REP', 12, 1),
	('b25', '202010', 'ETP', 3, 1),
	('b25', '202010', 'KM', 822, 1),
	('b25', '202010', 'NUI', 11, 1),
	('b25', '202010', 'REP', 9, 1),
	('b25', '202011', 'ETP', 6, 1),
	('b25', '202011', 'KM', 309, 1),
	('b25', '202011', 'NUI', 6, 1),
	('b25', '202011', 'REP', 15, 1),
	('b25', '202012', 'ETP', 16, 1),
	('b25', '202012', 'KM', 363, 1),
	('b25', '202012', 'NUI', 7, 1),
	('b25', '202012', 'REP', 3, 1),
	('b25', '202101', 'ETP', 2, 1),
	('b25', '202101', 'KM', 614, 1),
	('b25', '202101', 'NUI', 17, 1),
	('b25', '202101', 'REP', 16, 1),
	('b25', '202102', 'ETP', 17, 1),
	('b25', '202102', 'KM', 337, 1),
	('b25', '202102', 'NUI', 8, 1),
	('b25', '202102', 'REP', 11, 1),
	('b25', '202103', 'ETP', 11, 1),
	('b25', '202103', 'KM', 563, 1),
	('b25', '202103', 'NUI', 2, 1),
	('b25', '202103', 'REP', 12, 1),
	('b25', '202104', 'ETP', 19, 1),
	('b25', '202104', 'KM', 568, 1),
	('b25', '202104', 'NUI', 9, 1),
	('b25', '202104', 'REP', 12, 1),
	('b25', '202105', 'ETP', 10, 1),
	('b25', '202105', 'KM', 682, 1),
	('b25', '202105', 'NUI', 14, 1),
	('b25', '202105', 'REP', 15, 1),
	('b25', '202106', 'ETP', 19, 1),
	('b25', '202106', 'KM', 882, 1),
	('b25', '202106', 'NUI', 7, 1),
	('b25', '202106', 'REP', 17, 1),
	('b25', '202107', 'ETP', 13, 1),
	('b25', '202107', 'KM', 795, 1),
	('b25', '202107', 'NUI', 9, 1),
	('b25', '202107', 'REP', 3, 1),
	('b28', '201901', 'ETP', 10, 1),
	('b28', '201901', 'KM', 401, 1),
	('b28', '201901', 'NUI', 14, 1),
	('b28', '201901', 'REP', 5, 1),
	('b28', '201902', 'ETP', 16, 1),
	('b28', '201902', 'KM', 728, 1),
	('b28', '201902', 'NUI', 3, 1),
	('b28', '201902', 'REP', 9, 1),
	('b28', '201903', 'ETP', 8, 1),
	('b28', '201903', 'KM', 353, 1),
	('b28', '201903', 'NUI', 7, 1),
	('b28', '201903', 'REP', 9, 1),
	('b28', '201904', 'ETP', 12, 1),
	('b28', '201904', 'KM', 305, 1),
	('b28', '201904', 'NUI', 9, 1),
	('b28', '201904', 'REP', 9, 1),
	('b28', '201905', 'ETP', 7, 1),
	('b28', '201905', 'KM', 562, 1),
	('b28', '201905', 'NUI', 20, 1),
	('b28', '201905', 'REP', 4, 1),
	('b28', '201906', 'ETP', 18, 1),
	('b28', '201906', 'KM', 752, 1),
	('b28', '201906', 'NUI', 3, 1),
	('b28', '201906', 'REP', 16, 1),
	('b28', '201907', 'ETP', 4, 1),
	('b28', '201907', 'KM', 854, 1),
	('b28', '201907', 'NUI', 9, 1),
	('b28', '201907', 'REP', 4, 1),
	('b28', '201908', 'ETP', 9, 1),
	('b28', '201908', 'KM', 494, 1),
	('b28', '201908', 'NUI', 20, 1),
	('b28', '201908', 'REP', 9, 1),
	('b28', '201909', 'ETP', 11, 1),
	('b28', '201909', 'KM', 351, 1),
	('b28', '201909', 'NUI', 9, 1),
	('b28', '201909', 'REP', 6, 1),
	('b28', '201910', 'ETP', 17, 1),
	('b28', '201910', 'KM', 755, 1),
	('b28', '201910', 'NUI', 15, 1),
	('b28', '201910', 'REP', 19, 1),
	('b28', '201911', 'ETP', 6, 1),
	('b28', '201911', 'KM', 982, 1),
	('b28', '201911', 'NUI', 13, 1),
	('b28', '201911', 'REP', 4, 1),
	('b28', '201912', 'ETP', 2, 1),
	('b28', '201912', 'KM', 660, 1),
	('b28', '201912', 'NUI', 4, 1),
	('b28', '201912', 'REP', 3, 1),
	('b28', '202001', 'ETP', 2, 1),
	('b28', '202001', 'KM', 468, 1),
	('b28', '202001', 'NUI', 18, 1),
	('b28', '202001', 'REP', 12, 1),
	('b28', '202002', 'ETP', 14, 1),
	('b28', '202002', 'KM', 735, 1),
	('b28', '202002', 'NUI', 19, 1),
	('b28', '202002', 'REP', 15, 1),
	('b28', '202003', 'ETP', 15, 1),
	('b28', '202003', 'KM', 738, 1),
	('b28', '202003', 'NUI', 19, 1),
	('b28', '202003', 'REP', 7, 1),
	('b28', '202004', 'ETP', 11, 1),
	('b28', '202004', 'KM', 805, 1),
	('b28', '202004', 'NUI', 19, 1),
	('b28', '202004', 'REP', 12, 1),
	('b28', '202005', 'ETP', 19, 1),
	('b28', '202005', 'KM', 914, 1),
	('b28', '202005', 'NUI', 11, 1),
	('b28', '202005', 'REP', 4, 1),
	('b28', '202006', 'ETP', 7, 1),
	('b28', '202006', 'KM', 694, 1),
	('b28', '202006', 'NUI', 16, 1),
	('b28', '202006', 'REP', 7, 1),
	('b28', '202007', 'ETP', 11, 1),
	('b28', '202007', 'KM', 823, 1),
	('b28', '202007', 'NUI', 7, 1),
	('b28', '202007', 'REP', 15, 1),
	('b28', '202008', 'ETP', 17, 1),
	('b28', '202008', 'KM', 928, 1),
	('b28', '202008', 'NUI', 6, 1),
	('b28', '202008', 'REP', 15, 1),
	('b28', '202009', 'ETP', 4, 1),
	('b28', '202009', 'KM', 988, 1),
	('b28', '202009', 'NUI', 5, 1),
	('b28', '202009', 'REP', 18, 1),
	('b28', '202010', 'ETP', 17, 1),
	('b28', '202010', 'KM', 631, 1),
	('b28', '202010', 'NUI', 4, 1),
	('b28', '202010', 'REP', 12, 1),
	('b28', '202011', 'ETP', 14, 1),
	('b28', '202011', 'KM', 535, 1),
	('b28', '202011', 'NUI', 17, 1),
	('b28', '202011', 'REP', 8, 1),
	('b28', '202012', 'ETP', 2, 1),
	('b28', '202012', 'KM', 328, 1),
	('b28', '202012', 'NUI', 5, 1),
	('b28', '202012', 'REP', 12, 1),
	('b28', '202101', 'ETP', 15, 1),
	('b28', '202101', 'KM', 689, 1),
	('b28', '202101', 'NUI', 20, 1),
	('b28', '202101', 'REP', 18, 1),
	('b28', '202102', 'ETP', 4, 1),
	('b28', '202102', 'KM', 545, 1),
	('b28', '202102', 'NUI', 4, 1),
	('b28', '202102', 'REP', 11, 1),
	('b28', '202103', 'ETP', 4, 1),
	('b28', '202103', 'KM', 575, 1),
	('b28', '202103', 'NUI', 9, 1),
	('b28', '202103', 'REP', 5, 1),
	('b28', '202104', 'ETP', 2, 1),
	('b28', '202104', 'KM', 407, 1),
	('b28', '202104', 'NUI', 16, 1),
	('b28', '202104', 'REP', 4, 1),
	('b28', '202105', 'ETP', 14, 1),
	('b28', '202105', 'KM', 719, 1),
	('b28', '202105', 'NUI', 17, 1),
	('b28', '202105', 'REP', 3, 1),
	('b28', '202106', 'ETP', 8, 1),
	('b28', '202106', 'KM', 438, 1),
	('b28', '202106', 'NUI', 16, 1),
	('b28', '202106', 'REP', 6, 1),
	('b28', '202107', 'ETP', 20, 1),
	('b28', '202107', 'KM', 945, 1),
	('b28', '202107', 'NUI', 3, 1),
	('b28', '202107', 'REP', 7, 1),
	('b34', '201901', 'ETP', 18, 1),
	('b34', '201901', 'KM', 464, 1),
	('b34', '201901', 'NUI', 18, 1),
	('b34', '201901', 'REP', 10, 1),
	('b34', '201902', 'ETP', 19, 1),
	('b34', '201902', 'KM', 376, 1),
	('b34', '201902', 'NUI', 17, 1),
	('b34', '201902', 'REP', 11, 1),
	('b34', '201903', 'ETP', 9, 1),
	('b34', '201903', 'KM', 309, 1),
	('b34', '201903', 'NUI', 19, 1),
	('b34', '201903', 'REP', 14, 1),
	('b34', '201904', 'ETP', 4, 1),
	('b34', '201904', 'KM', 942, 1),
	('b34', '201904', 'NUI', 17, 1),
	('b34', '201904', 'REP', 12, 1),
	('b34', '201905', 'ETP', 13, 1),
	('b34', '201905', 'KM', 499, 1),
	('b34', '201905', 'NUI', 13, 1),
	('b34', '201905', 'REP', 11, 1),
	('b34', '201906', 'ETP', 11, 1),
	('b34', '201906', 'KM', 362, 1),
	('b34', '201906', 'NUI', 18, 1),
	('b34', '201906', 'REP', 5, 1),
	('b34', '201907', 'ETP', 6, 1),
	('b34', '201907', 'KM', 859, 1),
	('b34', '201907', 'NUI', 15, 1),
	('b34', '201907', 'REP', 16, 1),
	('b34', '201908', 'ETP', 14, 1),
	('b34', '201908', 'KM', 566, 1),
	('b34', '201908', 'NUI', 15, 1),
	('b34', '201908', 'REP', 3, 1),
	('b34', '201909', 'ETP', 4, 1),
	('b34', '201909', 'KM', 513, 1),
	('b34', '201909', 'NUI', 19, 1),
	('b34', '201909', 'REP', 6, 1),
	('b34', '201910', 'ETP', 10, 1),
	('b34', '201910', 'KM', 677, 1),
	('b34', '201910', 'NUI', 2, 1),
	('b34', '201910', 'REP', 2, 1),
	('b34', '201911', 'ETP', 20, 1),
	('b34', '201911', 'KM', 686, 1),
	('b34', '201911', 'NUI', 3, 1),
	('b34', '201911', 'REP', 14, 1),
	('b34', '201912', 'ETP', 12, 1),
	('b34', '201912', 'KM', 519, 1),
	('b34', '201912', 'NUI', 14, 1),
	('b34', '201912', 'REP', 17, 1),
	('b34', '202001', 'ETP', 11, 1),
	('b34', '202001', 'KM', 504, 1),
	('b34', '202001', 'NUI', 18, 1),
	('b34', '202001', 'REP', 15, 1),
	('b34', '202002', 'ETP', 16, 1),
	('b34', '202002', 'KM', 619, 1),
	('b34', '202002', 'NUI', 7, 1),
	('b34', '202002', 'REP', 4, 1),
	('b34', '202003', 'ETP', 12, 1),
	('b34', '202003', 'KM', 492, 1),
	('b34', '202003', 'NUI', 2, 1),
	('b34', '202003', 'REP', 6, 1),
	('b34', '202004', 'ETP', 16, 1),
	('b34', '202004', 'KM', 801, 1),
	('b34', '202004', 'NUI', 15, 1),
	('b34', '202004', 'REP', 16, 1),
	('b34', '202005', 'ETP', 16, 1),
	('b34', '202005', 'KM', 474, 1),
	('b34', '202005', 'NUI', 9, 1),
	('b34', '202005', 'REP', 19, 1),
	('b34', '202006', 'ETP', 9, 1),
	('b34', '202006', 'KM', 890, 1),
	('b34', '202006', 'NUI', 14, 1),
	('b34', '202006', 'REP', 10, 1),
	('b34', '202007', 'ETP', 19, 1),
	('b34', '202007', 'KM', 976, 1),
	('b34', '202007', 'NUI', 13, 1),
	('b34', '202007', 'REP', 11, 1),
	('b34', '202008', 'ETP', 8, 1),
	('b34', '202008', 'KM', 710, 1),
	('b34', '202008', 'NUI', 18, 1),
	('b34', '202008', 'REP', 19, 1),
	('b34', '202009', 'ETP', 17, 1),
	('b34', '202009', 'KM', 421, 1),
	('b34', '202009', 'NUI', 11, 1),
	('b34', '202009', 'REP', 17, 1),
	('b34', '202010', 'ETP', 8, 1),
	('b34', '202010', 'KM', 788, 1),
	('b34', '202010', 'NUI', 3, 1),
	('b34', '202010', 'REP', 19, 1),
	('b34', '202011', 'ETP', 5, 1),
	('b34', '202011', 'KM', 737, 1),
	('b34', '202011', 'NUI', 16, 1),
	('b34', '202011', 'REP', 12, 1),
	('b34', '202012', 'ETP', 6, 1),
	('b34', '202012', 'KM', 948, 1),
	('b34', '202012', 'NUI', 3, 1),
	('b34', '202012', 'REP', 7, 1),
	('b34', '202101', 'ETP', 16, 1),
	('b34', '202101', 'KM', 347, 1),
	('b34', '202101', 'NUI', 5, 1),
	('b34', '202101', 'REP', 10, 1),
	('b34', '202102', 'ETP', 14, 1),
	('b34', '202102', 'KM', 314, 1),
	('b34', '202102', 'NUI', 13, 1),
	('b34', '202102', 'REP', 15, 1),
	('b34', '202103', 'ETP', 7, 1),
	('b34', '202103', 'KM', 477, 1),
	('b34', '202103', 'NUI', 11, 1),
	('b34', '202103', 'REP', 7, 1),
	('b34', '202104', 'ETP', 10, 1),
	('b34', '202104', 'KM', 814, 1),
	('b34', '202104', 'NUI', 10, 1),
	('b34', '202104', 'REP', 18, 1),
	('b34', '202105', 'ETP', 12, 1),
	('b34', '202105', 'KM', 952, 1),
	('b34', '202105', 'NUI', 11, 1),
	('b34', '202105', 'REP', 16, 1),
	('b34', '202106', 'ETP', 8, 1),
	('b34', '202106', 'KM', 870, 1),
	('b34', '202106', 'NUI', 6, 1),
	('b34', '202106', 'REP', 14, 1),
	('b34', '202107', 'ETP', 6, 1),
	('b34', '202107', 'KM', 896, 1),
	('b34', '202107', 'NUI', 18, 1),
	('b34', '202107', 'REP', 15, 1),
	('b4', '201901', 'ETP', 2, 0),
	('b4', '201901', 'KM', 307, 0),
	('b4', '201901', 'NUI', 18, 0),
	('b4', '201901', 'REP', 15, 0),
	('b4', '201902', 'ETP', 4, 0),
	('b4', '201902', 'KM', 834, 0),
	('b4', '201902', 'NUI', 9, 0),
	('b4', '201902', 'REP', 17, 0),
	('b4', '201903', 'ETP', 8, 0),
	('b4', '201903', 'KM', 352, 0),
	('b4', '201903', 'NUI', 20, 0),
	('b4', '201903', 'REP', 17, 0),
	('b4', '201904', 'ETP', 2, 0),
	('b4', '201904', 'KM', 591, 0),
	('b4', '201904', 'NUI', 16, 0),
	('b4', '201904', 'REP', 18, 0),
	('b4', '201905', 'ETP', 20, 0),
	('b4', '201905', 'KM', 829, 0),
	('b4', '201905', 'NUI', 9, 0),
	('b4', '201905', 'REP', 16, 0),
	('b4', '201906', 'ETP', 13, 0),
	('b4', '201906', 'KM', 694, 0),
	('b4', '201906', 'NUI', 18, 0),
	('b4', '201906', 'REP', 13, 0),
	('b4', '201907', 'ETP', 15, 0),
	('b4', '201907', 'KM', 863, 0),
	('b4', '201907', 'NUI', 17, 0),
	('b4', '201907', 'REP', 6, 0),
	('b4', '201908', 'ETP', 14, 0),
	('b4', '201908', 'KM', 966, 0),
	('b4', '201908', 'NUI', 7, 0),
	('b4', '201908', 'REP', 16, 0),
	('b4', '201909', 'ETP', 6, 0),
	('b4', '201909', 'KM', 980, 0),
	('b4', '201909', 'NUI', 20, 0),
	('b4', '201909', 'REP', 2, 0),
	('b4', '201910', 'ETP', 18, 0),
	('b4', '201910', 'KM', 532, 0),
	('b4', '201910', 'NUI', 19, 0),
	('b4', '201910', 'REP', 4, 0),
	('b4', '201911', 'ETP', 9, 0),
	('b4', '201911', 'KM', 302, 0),
	('b4', '201911', 'NUI', 15, 0),
	('b4', '201911', 'REP', 17, 0),
	('b4', '201912', 'ETP', 4, 0),
	('b4', '201912', 'KM', 618, 0),
	('b4', '201912', 'NUI', 10, 0),
	('b4', '201912', 'REP', 9, 0),
	('b4', '202001', 'ETP', 18, 0),
	('b4', '202001', 'KM', 757, 0),
	('b4', '202001', 'NUI', 15, 0),
	('b4', '202001', 'REP', 11, 0),
	('b4', '202002', 'ETP', 2, 0),
	('b4', '202002', 'KM', 348, 0),
	('b4', '202002', 'NUI', 13, 0),
	('b4', '202002', 'REP', 8, 0),
	('b4', '202003', 'ETP', 10, 0),
	('b4', '202003', 'KM', 770, 0),
	('b4', '202003', 'NUI', 15, 0),
	('b4', '202003', 'REP', 14, 0),
	('b4', '202004', 'ETP', 10, 0),
	('b4', '202004', 'KM', 949, 0),
	('b4', '202004', 'NUI', 4, 0),
	('b4', '202004', 'REP', 15, 0),
	('b4', '202005', 'ETP', 17, 0),
	('b4', '202005', 'KM', 864, 0),
	('b4', '202005', 'NUI', 11, 0),
	('b4', '202005', 'REP', 5, 0),
	('b4', '202006', 'ETP', 2, 0),
	('b4', '202006', 'KM', 843, 0),
	('b4', '202006', 'NUI', 18, 0),
	('b4', '202006', 'REP', 7, 0),
	('b4', '202007', 'ETP', 17, 0),
	('b4', '202007', 'KM', 865, 0),
	('b4', '202007', 'NUI', 17, 0),
	('b4', '202007', 'REP', 15, 0),
	('b4', '202008', 'ETP', 13, 0),
	('b4', '202008', 'KM', 557, 0),
	('b4', '202008', 'NUI', 10, 0),
	('b4', '202008', 'REP', 16, 0),
	('b4', '202009', 'ETP', 4, 0),
	('b4', '202009', 'KM', 598, 0),
	('b4', '202009', 'NUI', 9, 0),
	('b4', '202009', 'REP', 3, 0),
	('b4', '202010', 'ETP', 18, 0),
	('b4', '202010', 'KM', 616, 0),
	('b4', '202010', 'NUI', 15, 0),
	('b4', '202010', 'REP', 19, 0),
	('b4', '202011', 'ETP', 12, 0),
	('b4', '202011', 'KM', 588, 0),
	('b4', '202011', 'NUI', 2, 0),
	('b4', '202011', 'REP', 2, 0),
	('b4', '202012', 'ETP', 13, 0),
	('b4', '202012', 'KM', 844, 0),
	('b4', '202012', 'NUI', 8, 0),
	('b4', '202012', 'REP', 12, 0),
	('b4', '202101', 'ETP', 17, 0),
	('b4', '202101', 'KM', 661, 0),
	('b4', '202101', 'NUI', 9, 0),
	('b4', '202101', 'REP', 6, 0),
	('b4', '202102', 'ETP', 11, 0),
	('b4', '202102', 'KM', 366, 0),
	('b4', '202102', 'NUI', 5, 0),
	('b4', '202102', 'REP', 7, 0),
	('b4', '202103', 'ETP', 13, 0),
	('b4', '202103', 'KM', 640, 0),
	('b4', '202103', 'NUI', 7, 0),
	('b4', '202103', 'REP', 11, 0),
	('b4', '202104', 'ETP', 10, 0),
	('b4', '202104', 'KM', 408, 0),
	('b4', '202104', 'NUI', 18, 0),
	('b4', '202104', 'REP', 2, 0),
	('b4', '202105', 'ETP', 16, 0),
	('b4', '202105', 'KM', 351, 0),
	('b4', '202105', 'NUI', 10, 0),
	('b4', '202105', 'REP', 12, 0),
	('b4', '202106', 'ETP', 2, 0),
	('b4', '202106', 'KM', 796, 0),
	('b4', '202106', 'NUI', 6, 0),
	('b4', '202106', 'REP', 9, 0),
	('b4', '202107', 'ETP', 2, 0),
	('b4', '202107', 'KM', 319, 0),
	('b4', '202107', 'NUI', 14, 0),
	('b4', '202107', 'REP', 5, 0),
	('b50', '201901', 'ETP', 4, 0),
	('b50', '201901', 'KM', 652, 0),
	('b50', '201901', 'NUI', 20, 0),
	('b50', '201901', 'REP', 6, 0),
	('b50', '201902', 'ETP', 4, 0),
	('b50', '201902', 'KM', 370, 0),
	('b50', '201902', 'NUI', 14, 0),
	('b50', '201902', 'REP', 4, 0),
	('b50', '201903', 'ETP', 9, 0),
	('b50', '201903', 'KM', 502, 0),
	('b50', '201903', 'NUI', 18, 0),
	('b50', '201903', 'REP', 5, 0),
	('b50', '201904', 'ETP', 17, 0),
	('b50', '201904', 'KM', 327, 0),
	('b50', '201904', 'NUI', 4, 0),
	('b50', '201904', 'REP', 4, 0),
	('b50', '201905', 'ETP', 14, 0),
	('b50', '201905', 'KM', 873, 0),
	('b50', '201905', 'NUI', 14, 0),
	('b50', '201905', 'REP', 4, 0),
	('b50', '201906', 'ETP', 17, 0),
	('b50', '201906', 'KM', 717, 0),
	('b50', '201906', 'NUI', 19, 0),
	('b50', '201906', 'REP', 19, 0),
	('b50', '201907', 'ETP', 13, 0),
	('b50', '201907', 'KM', 888, 0),
	('b50', '201907', 'NUI', 3, 0),
	('b50', '201907', 'REP', 16, 0),
	('b50', '201908', 'ETP', 19, 0),
	('b50', '201908', 'KM', 664, 0),
	('b50', '201908', 'NUI', 15, 0),
	('b50', '201908', 'REP', 7, 0),
	('b50', '201909', 'ETP', 2, 0),
	('b50', '201909', 'KM', 372, 0),
	('b50', '201909', 'NUI', 19, 0),
	('b50', '201909', 'REP', 16, 0),
	('b50', '201910', 'ETP', 17, 0),
	('b50', '201910', 'KM', 692, 0),
	('b50', '201910', 'NUI', 7, 0),
	('b50', '201910', 'REP', 19, 0),
	('b50', '201911', 'ETP', 14, 0),
	('b50', '201911', 'KM', 551, 0),
	('b50', '201911', 'NUI', 19, 0),
	('b50', '201911', 'REP', 20, 0),
	('b50', '201912', 'ETP', 8, 0),
	('b50', '201912', 'KM', 628, 0),
	('b50', '201912', 'NUI', 9, 0),
	('b50', '201912', 'REP', 14, 0),
	('b50', '202001', 'ETP', 6, 0),
	('b50', '202001', 'KM', 549, 0),
	('b50', '202001', 'NUI', 17, 0),
	('b50', '202001', 'REP', 4, 0),
	('b50', '202002', 'ETP', 5, 0),
	('b50', '202002', 'KM', 996, 0),
	('b50', '202002', 'NUI', 16, 0),
	('b50', '202002', 'REP', 5, 0),
	('b50', '202003', 'ETP', 12, 0),
	('b50', '202003', 'KM', 893, 0),
	('b50', '202003', 'NUI', 8, 0),
	('b50', '202003', 'REP', 20, 0),
	('b50', '202004', 'ETP', 4, 0),
	('b50', '202004', 'KM', 920, 0),
	('b50', '202004', 'NUI', 4, 0),
	('b50', '202004', 'REP', 6, 0),
	('b50', '202005', 'ETP', 7, 0),
	('b50', '202005', 'KM', 705, 0),
	('b50', '202005', 'NUI', 6, 0),
	('b50', '202005', 'REP', 6, 0),
	('b50', '202006', 'ETP', 19, 0),
	('b50', '202006', 'KM', 927, 0),
	('b50', '202006', 'NUI', 7, 0),
	('b50', '202006', 'REP', 13, 0),
	('b50', '202007', 'ETP', 7, 0),
	('b50', '202007', 'KM', 512, 0),
	('b50', '202007', 'NUI', 8, 0),
	('b50', '202007', 'REP', 14, 0),
	('b50', '202008', 'ETP', 7, 0),
	('b50', '202008', 'KM', 841, 0),
	('b50', '202008', 'NUI', 20, 0),
	('b50', '202008', 'REP', 2, 0),
	('b50', '202009', 'ETP', 6, 0),
	('b50', '202009', 'KM', 839, 0),
	('b50', '202009', 'NUI', 8, 0),
	('b50', '202009', 'REP', 2, 0),
	('b50', '202010', 'ETP', 20, 0),
	('b50', '202010', 'KM', 486, 0),
	('b50', '202010', 'NUI', 19, 0),
	('b50', '202010', 'REP', 7, 0),
	('b50', '202011', 'ETP', 18, 0),
	('b50', '202011', 'KM', 810, 0),
	('b50', '202011', 'NUI', 19, 0),
	('b50', '202011', 'REP', 2, 0),
	('b50', '202012', 'ETP', 16, 0),
	('b50', '202012', 'KM', 388, 0),
	('b50', '202012', 'NUI', 19, 0),
	('b50', '202012', 'REP', 3, 0),
	('b50', '202101', 'ETP', 20, 0),
	('b50', '202101', 'KM', 951, 0),
	('b50', '202101', 'NUI', 20, 0),
	('b50', '202101', 'REP', 11, 0),
	('b50', '202102', 'ETP', 8, 0),
	('b50', '202102', 'KM', 373, 0),
	('b50', '202102', 'NUI', 14, 0),
	('b50', '202102', 'REP', 4, 0),
	('b50', '202103', 'ETP', 7, 0),
	('b50', '202103', 'KM', 385, 0),
	('b50', '202103', 'NUI', 4, 0),
	('b50', '202103', 'REP', 5, 0),
	('b50', '202104', 'ETP', 12, 0),
	('b50', '202104', 'KM', 966, 0),
	('b50', '202104', 'NUI', 20, 0),
	('b50', '202104', 'REP', 7, 0),
	('b50', '202105', 'ETP', 12, 0),
	('b50', '202105', 'KM', 340, 0),
	('b50', '202105', 'NUI', 6, 0),
	('b50', '202105', 'REP', 16, 0),
	('b50', '202106', 'ETP', 4, 0),
	('b50', '202106', 'KM', 589, 0),
	('b50', '202106', 'NUI', 11, 0),
	('b50', '202106', 'REP', 6, 0),
	('b50', '202107', 'ETP', 12, 0),
	('b50', '202107', 'KM', 640, 0),
	('b50', '202107', 'NUI', 19, 0),
	('b50', '202107', 'REP', 2, 0),
	('b59', '201901', 'ETP', 16, 0),
	('b59', '201901', 'KM', 470, 0),
	('b59', '201901', 'NUI', 3, 0),
	('b59', '201901', 'REP', 16, 0),
	('b59', '201902', 'ETP', 2, 0),
	('b59', '201902', 'KM', 408, 0),
	('b59', '201902', 'NUI', 3, 0),
	('b59', '201902', 'REP', 15, 0),
	('b59', '201903', 'ETP', 5, 0),
	('b59', '201903', 'KM', 433, 0),
	('b59', '201903', 'NUI', 10, 0),
	('b59', '201903', 'REP', 12, 0),
	('b59', '201904', 'ETP', 14, 0),
	('b59', '201904', 'KM', 872, 0),
	('b59', '201904', 'NUI', 8, 0),
	('b59', '201904', 'REP', 13, 0),
	('b59', '201905', 'ETP', 6, 0),
	('b59', '201905', 'KM', 302, 0),
	('b59', '201905', 'NUI', 8, 0),
	('b59', '201905', 'REP', 10, 0),
	('b59', '201906', 'ETP', 7, 0),
	('b59', '201906', 'KM', 454, 0),
	('b59', '201906', 'NUI', 11, 0),
	('b59', '201906', 'REP', 9, 0),
	('b59', '201907', 'ETP', 13, 0),
	('b59', '201907', 'KM', 605, 0),
	('b59', '201907', 'NUI', 10, 0),
	('b59', '201907', 'REP', 4, 0),
	('b59', '201908', 'ETP', 13, 0),
	('b59', '201908', 'KM', 382, 0),
	('b59', '201908', 'NUI', 7, 0),
	('b59', '201908', 'REP', 18, 0),
	('b59', '201909', 'ETP', 3, 0),
	('b59', '201909', 'KM', 464, 0),
	('b59', '201909', 'NUI', 14, 0),
	('b59', '201909', 'REP', 8, 0),
	('b59', '201910', 'ETP', 9, 0),
	('b59', '201910', 'KM', 479, 0),
	('b59', '201910', 'NUI', 11, 0),
	('b59', '201910', 'REP', 16, 0),
	('b59', '201911', 'ETP', 9, 0),
	('b59', '201911', 'KM', 405, 0),
	('b59', '201911', 'NUI', 12, 0),
	('b59', '201911', 'REP', 18, 0),
	('b59', '201912', 'ETP', 9, 0),
	('b59', '201912', 'KM', 570, 0),
	('b59', '201912', 'NUI', 18, 0),
	('b59', '201912', 'REP', 18, 0),
	('b59', '202001', 'ETP', 7, 0),
	('b59', '202001', 'KM', 953, 0),
	('b59', '202001', 'NUI', 2, 0),
	('b59', '202001', 'REP', 10, 0),
	('b59', '202002', 'ETP', 9, 0),
	('b59', '202002', 'KM', 481, 0),
	('b59', '202002', 'NUI', 4, 0),
	('b59', '202002', 'REP', 18, 0),
	('b59', '202003', 'ETP', 11, 0),
	('b59', '202003', 'KM', 533, 0),
	('b59', '202003', 'NUI', 16, 0),
	('b59', '202003', 'REP', 18, 0),
	('b59', '202004', 'ETP', 3, 0),
	('b59', '202004', 'KM', 737, 0),
	('b59', '202004', 'NUI', 3, 0),
	('b59', '202004', 'REP', 13, 0),
	('b59', '202005', 'ETP', 17, 0),
	('b59', '202005', 'KM', 370, 0),
	('b59', '202005', 'NUI', 12, 0),
	('b59', '202005', 'REP', 17, 0),
	('b59', '202006', 'ETP', 5, 0),
	('b59', '202006', 'KM', 462, 0),
	('b59', '202006', 'NUI', 8, 0),
	('b59', '202006', 'REP', 15, 0),
	('b59', '202007', 'ETP', 20, 0),
	('b59', '202007', 'KM', 990, 0),
	('b59', '202007', 'NUI', 3, 0),
	('b59', '202007', 'REP', 2, 0),
	('b59', '202008', 'ETP', 12, 0),
	('b59', '202008', 'KM', 882, 0),
	('b59', '202008', 'NUI', 17, 0),
	('b59', '202008', 'REP', 2, 0),
	('b59', '202009', 'ETP', 15, 0),
	('b59', '202009', 'KM', 816, 0),
	('b59', '202009', 'NUI', 4, 0),
	('b59', '202009', 'REP', 8, 0),
	('b59', '202010', 'ETP', 18, 0),
	('b59', '202010', 'KM', 420, 0),
	('b59', '202010', 'NUI', 5, 0),
	('b59', '202010', 'REP', 6, 0),
	('b59', '202011', 'ETP', 17, 0),
	('b59', '202011', 'KM', 373, 0),
	('b59', '202011', 'NUI', 11, 0),
	('b59', '202011', 'REP', 10, 0),
	('b59', '202012', 'ETP', 18, 0),
	('b59', '202012', 'KM', 304, 0),
	('b59', '202012', 'NUI', 5, 0),
	('b59', '202012', 'REP', 5, 0),
	('b59', '202101', 'ETP', 20, 0),
	('b59', '202101', 'KM', 889, 0),
	('b59', '202101', 'NUI', 18, 0),
	('b59', '202101', 'REP', 4, 0),
	('b59', '202102', 'ETP', 8, 0),
	('b59', '202102', 'KM', 357, 0),
	('b59', '202102', 'NUI', 12, 0),
	('b59', '202102', 'REP', 11, 0),
	('b59', '202103', 'ETP', 19, 0),
	('b59', '202103', 'KM', 787, 0),
	('b59', '202103', 'NUI', 20, 0),
	('b59', '202103', 'REP', 3, 0),
	('b59', '202104', 'ETP', 2, 0),
	('b59', '202104', 'KM', 405, 0),
	('b59', '202104', 'NUI', 4, 0),
	('b59', '202104', 'REP', 2, 0),
	('b59', '202105', 'ETP', 11, 0),
	('b59', '202105', 'KM', 591, 0),
	('b59', '202105', 'NUI', 13, 0),
	('b59', '202105', 'REP', 4, 0),
	('b59', '202106', 'ETP', 15, 0),
	('b59', '202106', 'KM', 973, 0),
	('b59', '202106', 'NUI', 12, 0),
	('b59', '202106', 'REP', 11, 0),
	('b59', '202107', 'ETP', 10, 0),
	('b59', '202107', 'KM', 827, 0),
	('b59', '202107', 'NUI', 12, 0),
	('b59', '202107', 'REP', 19, 0),
	('c14', '201901', 'ETP', 3, 0),
	('c14', '201901', 'KM', 484, 0),
	('c14', '201901', 'NUI', 14, 0),
	('c14', '201901', 'REP', 14, 0),
	('c14', '201902', 'ETP', 10, 0),
	('c14', '201902', 'KM', 620, 0),
	('c14', '201902', 'NUI', 11, 0),
	('c14', '201902', 'REP', 8, 0),
	('c14', '201903', 'ETP', 18, 0),
	('c14', '201903', 'KM', 865, 0),
	('c14', '201903', 'NUI', 5, 0),
	('c14', '201903', 'REP', 5, 0),
	('c14', '201904', 'ETP', 7, 0),
	('c14', '201904', 'KM', 496, 0),
	('c14', '201904', 'NUI', 6, 0),
	('c14', '201904', 'REP', 2, 0),
	('c14', '201905', 'ETP', 19, 0),
	('c14', '201905', 'KM', 541, 0),
	('c14', '201905', 'NUI', 17, 0),
	('c14', '201905', 'REP', 20, 0),
	('c14', '201906', 'ETP', 15, 0),
	('c14', '201906', 'KM', 979, 0),
	('c14', '201906', 'NUI', 11, 0),
	('c14', '201906', 'REP', 16, 0),
	('c14', '201907', 'ETP', 19, 0),
	('c14', '201907', 'KM', 736, 0),
	('c14', '201907', 'NUI', 8, 0),
	('c14', '201907', 'REP', 13, 0),
	('c14', '201908', 'ETP', 10, 0),
	('c14', '201908', 'KM', 493, 0),
	('c14', '201908', 'NUI', 2, 0),
	('c14', '201908', 'REP', 7, 0),
	('c14', '201909', 'ETP', 13, 0),
	('c14', '201909', 'KM', 576, 0),
	('c14', '201909', 'NUI', 12, 0),
	('c14', '201909', 'REP', 20, 0),
	('c14', '201910', 'ETP', 7, 0),
	('c14', '201910', 'KM', 965, 0),
	('c14', '201910', 'NUI', 12, 0),
	('c14', '201910', 'REP', 9, 0),
	('c14', '201911', 'ETP', 17, 0),
	('c14', '201911', 'KM', 585, 0),
	('c14', '201911', 'NUI', 4, 0),
	('c14', '201911', 'REP', 16, 0),
	('c14', '201912', 'ETP', 20, 0),
	('c14', '201912', 'KM', 818, 0),
	('c14', '201912', 'NUI', 18, 0),
	('c14', '201912', 'REP', 17, 0),
	('c14', '202001', 'ETP', 5, 0),
	('c14', '202001', 'KM', 589, 0),
	('c14', '202001', 'NUI', 18, 0),
	('c14', '202001', 'REP', 15, 0),
	('c14', '202002', 'ETP', 6, 0),
	('c14', '202002', 'KM', 578, 0),
	('c14', '202002', 'NUI', 15, 0),
	('c14', '202002', 'REP', 7, 0),
	('c14', '202003', 'ETP', 11, 0),
	('c14', '202003', 'KM', 413, 0),
	('c14', '202003', 'NUI', 11, 0),
	('c14', '202003', 'REP', 13, 0),
	('c14', '202004', 'ETP', 18, 0),
	('c14', '202004', 'KM', 771, 0),
	('c14', '202004', 'NUI', 17, 0),
	('c14', '202004', 'REP', 12, 0),
	('c14', '202005', 'ETP', 12, 0),
	('c14', '202005', 'KM', 581, 0),
	('c14', '202005', 'NUI', 16, 0),
	('c14', '202005', 'REP', 5, 0),
	('c14', '202006', 'ETP', 12, 0),
	('c14', '202006', 'KM', 520, 0),
	('c14', '202006', 'NUI', 20, 0),
	('c14', '202006', 'REP', 8, 0),
	('c14', '202007', 'ETP', 3, 0),
	('c14', '202007', 'KM', 919, 0),
	('c14', '202007', 'NUI', 10, 0),
	('c14', '202007', 'REP', 5, 0),
	('c14', '202008', 'ETP', 3, 0),
	('c14', '202008', 'KM', 352, 0),
	('c14', '202008', 'NUI', 18, 0),
	('c14', '202008', 'REP', 11, 0),
	('c14', '202009', 'ETP', 17, 0),
	('c14', '202009', 'KM', 550, 0),
	('c14', '202009', 'NUI', 7, 0),
	('c14', '202009', 'REP', 9, 0),
	('c14', '202010', 'ETP', 5, 0),
	('c14', '202010', 'KM', 791, 0),
	('c14', '202010', 'NUI', 8, 0),
	('c14', '202010', 'REP', 14, 0),
	('c14', '202011', 'ETP', 11, 0),
	('c14', '202011', 'KM', 702, 0),
	('c14', '202011', 'NUI', 2, 0),
	('c14', '202011', 'REP', 11, 0),
	('c14', '202012', 'ETP', 13, 0),
	('c14', '202012', 'KM', 962, 0),
	('c14', '202012', 'NUI', 2, 0),
	('c14', '202012', 'REP', 14, 0),
	('c14', '202101', 'ETP', 18, 0),
	('c14', '202101', 'KM', 498, 0),
	('c14', '202101', 'NUI', 9, 0),
	('c14', '202101', 'REP', 7, 0),
	('c14', '202102', 'ETP', 4, 0),
	('c14', '202102', 'KM', 690, 0),
	('c14', '202102', 'NUI', 16, 0),
	('c14', '202102', 'REP', 5, 0),
	('c14', '202103', 'ETP', 16, 0),
	('c14', '202103', 'KM', 464, 0),
	('c14', '202103', 'NUI', 5, 0),
	('c14', '202103', 'REP', 11, 0),
	('c14', '202104', 'ETP', 11, 0),
	('c14', '202104', 'KM', 499, 0),
	('c14', '202104', 'NUI', 7, 0),
	('c14', '202104', 'REP', 2, 0),
	('c14', '202105', 'ETP', 17, 0),
	('c14', '202105', 'KM', 424, 0),
	('c14', '202105', 'NUI', 4, 0),
	('c14', '202105', 'REP', 19, 0),
	('c14', '202106', 'ETP', 10, 0),
	('c14', '202106', 'KM', 916, 0),
	('c14', '202106', 'NUI', 7, 0),
	('c14', '202106', 'REP', 19, 0),
	('c14', '202107', 'ETP', 17, 0),
	('c14', '202107', 'KM', 904, 0),
	('c14', '202107', 'NUI', 19, 0),
	('c14', '202107', 'REP', 6, 0),
	('c3', '201901', 'ETP', 16, 0),
	('c3', '201901', 'KM', 365, 0),
	('c3', '201901', 'NUI', 13, 0),
	('c3', '201901', 'REP', 13, 0),
	('c3', '201902', 'ETP', 12, 0),
	('c3', '201902', 'KM', 328, 0),
	('c3', '201902', 'NUI', 9, 0),
	('c3', '201902', 'REP', 6, 0),
	('c3', '201903', 'ETP', 4, 0),
	('c3', '201903', 'KM', 771, 0),
	('c3', '201903', 'NUI', 19, 0),
	('c3', '201903', 'REP', 18, 0),
	('c3', '201904', 'ETP', 16, 0),
	('c3', '201904', 'KM', 622, 0),
	('c3', '201904', 'NUI', 7, 0),
	('c3', '201904', 'REP', 15, 0),
	('c3', '201905', 'ETP', 8, 0),
	('c3', '201905', 'KM', 559, 0),
	('c3', '201905', 'NUI', 2, 0),
	('c3', '201905', 'REP', 10, 0),
	('c3', '201906', 'ETP', 5, 0),
	('c3', '201906', 'KM', 910, 0),
	('c3', '201906', 'NUI', 7, 0),
	('c3', '201906', 'REP', 8, 0),
	('c3', '201907', 'ETP', 4, 0),
	('c3', '201907', 'KM', 954, 0),
	('c3', '201907', 'NUI', 14, 0),
	('c3', '201907', 'REP', 3, 0),
	('c3', '201908', 'ETP', 12, 0),
	('c3', '201908', 'KM', 317, 0),
	('c3', '201908', 'NUI', 5, 0),
	('c3', '201908', 'REP', 18, 0),
	('c3', '201909', 'ETP', 7, 0),
	('c3', '201909', 'KM', 380, 0),
	('c3', '201909', 'NUI', 12, 0),
	('c3', '201909', 'REP', 11, 0),
	('c3', '201910', 'ETP', 14, 0),
	('c3', '201910', 'KM', 770, 0),
	('c3', '201910', 'NUI', 16, 0),
	('c3', '201910', 'REP', 3, 0),
	('c3', '201911', 'ETP', 11, 0),
	('c3', '201911', 'KM', 765, 0),
	('c3', '201911', 'NUI', 10, 0),
	('c3', '201911', 'REP', 10, 0),
	('c3', '201912', 'ETP', 5, 0),
	('c3', '201912', 'KM', 692, 0),
	('c3', '201912', 'NUI', 15, 0),
	('c3', '201912', 'REP', 16, 0),
	('c3', '202001', 'ETP', 12, 0),
	('c3', '202001', 'KM', 531, 0),
	('c3', '202001', 'NUI', 5, 0),
	('c3', '202001', 'REP', 16, 0),
	('c3', '202002', 'ETP', 19, 0),
	('c3', '202002', 'KM', 609, 0),
	('c3', '202002', 'NUI', 18, 0),
	('c3', '202002', 'REP', 13, 0),
	('c3', '202003', 'ETP', 5, 0),
	('c3', '202003', 'KM', 904, 0),
	('c3', '202003', 'NUI', 9, 0),
	('c3', '202003', 'REP', 3, 0),
	('c3', '202004', 'ETP', 14, 0),
	('c3', '202004', 'KM', 344, 0),
	('c3', '202004', 'NUI', 18, 0),
	('c3', '202004', 'REP', 9, 0),
	('c3', '202005', 'ETP', 5, 0),
	('c3', '202005', 'KM', 308, 0),
	('c3', '202005', 'NUI', 18, 0),
	('c3', '202005', 'REP', 6, 0),
	('c3', '202006', 'ETP', 3, 0),
	('c3', '202006', 'KM', 425, 0),
	('c3', '202006', 'NUI', 11, 0),
	('c3', '202006', 'REP', 17, 0),
	('c3', '202007', 'ETP', 6, 0),
	('c3', '202007', 'KM', 671, 0),
	('c3', '202007', 'NUI', 9, 0),
	('c3', '202007', 'REP', 19, 0),
	('c3', '202008', 'ETP', 20, 0),
	('c3', '202008', 'KM', 675, 0),
	('c3', '202008', 'NUI', 12, 0),
	('c3', '202008', 'REP', 15, 0),
	('c3', '202009', 'ETP', 4, 0),
	('c3', '202009', 'KM', 415, 0),
	('c3', '202009', 'NUI', 14, 0),
	('c3', '202009', 'REP', 19, 0),
	('c3', '202010', 'ETP', 3, 0),
	('c3', '202010', 'KM', 920, 0),
	('c3', '202010', 'NUI', 16, 0),
	('c3', '202010', 'REP', 16, 0),
	('c3', '202011', 'ETP', 13, 0),
	('c3', '202011', 'KM', 767, 0),
	('c3', '202011', 'NUI', 11, 0),
	('c3', '202011', 'REP', 20, 0),
	('c3', '202012', 'ETP', 4, 0),
	('c3', '202012', 'KM', 984, 0),
	('c3', '202012', 'NUI', 18, 0),
	('c3', '202012', 'REP', 16, 0),
	('c3', '202101', 'ETP', 10, 0),
	('c3', '202101', 'KM', 850, 0),
	('c3', '202101', 'NUI', 12, 0),
	('c3', '202101', 'REP', 17, 0),
	('c3', '202102', 'ETP', 19, 0),
	('c3', '202102', 'KM', 692, 0),
	('c3', '202102', 'NUI', 14, 0),
	('c3', '202102', 'REP', 9, 0),
	('c3', '202103', 'ETP', 8, 0),
	('c3', '202103', 'KM', 490, 0),
	('c3', '202103', 'NUI', 14, 0),
	('c3', '202103', 'REP', 6, 0),
	('c3', '202104', 'ETP', 4, 0),
	('c3', '202104', 'KM', 570, 0),
	('c3', '202104', 'NUI', 16, 0),
	('c3', '202104', 'REP', 11, 0),
	('c3', '202105', 'ETP', 3, 0),
	('c3', '202105', 'KM', 913, 0),
	('c3', '202105', 'NUI', 12, 0),
	('c3', '202105', 'REP', 20, 0),
	('c3', '202106', 'ETP', 12, 0),
	('c3', '202106', 'KM', 443, 0),
	('c3', '202106', 'NUI', 3, 0),
	('c3', '202106', 'REP', 16, 0),
	('c3', '202107', 'ETP', 9, 0),
	('c3', '202107', 'KM', 541, 0),
	('c3', '202107', 'NUI', 20, 0),
	('c3', '202107', 'REP', 15, 0),
	('c54', '201901', 'ETP', 20, 0),
	('c54', '201901', 'KM', 836, 0),
	('c54', '201901', 'NUI', 7, 0),
	('c54', '201901', 'REP', 20, 0),
	('c54', '201902', 'ETP', 3, 0),
	('c54', '201902', 'KM', 603, 0),
	('c54', '201902', 'NUI', 14, 0),
	('c54', '201902', 'REP', 7, 0),
	('c54', '201903', 'ETP', 3, 0),
	('c54', '201903', 'KM', 872, 0),
	('c54', '201903', 'NUI', 4, 0),
	('c54', '201903', 'REP', 18, 0),
	('c54', '201904', 'ETP', 17, 0),
	('c54', '201904', 'KM', 922, 0),
	('c54', '201904', 'NUI', 8, 0),
	('c54', '201904', 'REP', 10, 0),
	('c54', '201905', 'ETP', 14, 0),
	('c54', '201905', 'KM', 378, 0),
	('c54', '201905', 'NUI', 9, 0),
	('c54', '201905', 'REP', 5, 0),
	('c54', '201906', 'ETP', 10, 0),
	('c54', '201906', 'KM', 622, 0),
	('c54', '201906', 'NUI', 17, 0),
	('c54', '201906', 'REP', 18, 0),
	('c54', '201907', 'ETP', 10, 0),
	('c54', '201907', 'KM', 579, 0),
	('c54', '201907', 'NUI', 16, 0),
	('c54', '201907', 'REP', 15, 0),
	('c54', '201908', 'ETP', 13, 0),
	('c54', '201908', 'KM', 929, 0),
	('c54', '201908', 'NUI', 17, 0),
	('c54', '201908', 'REP', 9, 0),
	('c54', '201909', 'ETP', 5, 0),
	('c54', '201909', 'KM', 599, 0),
	('c54', '201909', 'NUI', 3, 0),
	('c54', '201909', 'REP', 4, 0),
	('c54', '201910', 'ETP', 3, 0),
	('c54', '201910', 'KM', 969, 0),
	('c54', '201910', 'NUI', 3, 0),
	('c54', '201910', 'REP', 14, 0),
	('c54', '201911', 'ETP', 14, 0),
	('c54', '201911', 'KM', 965, 0),
	('c54', '201911', 'NUI', 2, 0),
	('c54', '201911', 'REP', 6, 0),
	('c54', '201912', 'ETP', 15, 0),
	('c54', '201912', 'KM', 565, 0),
	('c54', '201912', 'NUI', 9, 0),
	('c54', '201912', 'REP', 11, 0),
	('c54', '202001', 'ETP', 12, 0),
	('c54', '202001', 'KM', 799, 0),
	('c54', '202001', 'NUI', 8, 0),
	('c54', '202001', 'REP', 16, 0),
	('c54', '202002', 'ETP', 4, 0),
	('c54', '202002', 'KM', 944, 0),
	('c54', '202002', 'NUI', 10, 0),
	('c54', '202002', 'REP', 14, 0),
	('c54', '202003', 'ETP', 15, 0),
	('c54', '202003', 'KM', 628, 0),
	('c54', '202003', 'NUI', 17, 0),
	('c54', '202003', 'REP', 11, 0),
	('c54', '202004', 'ETP', 4, 0),
	('c54', '202004', 'KM', 529, 0),
	('c54', '202004', 'NUI', 2, 0),
	('c54', '202004', 'REP', 18, 0),
	('c54', '202005', 'ETP', 17, 0),
	('c54', '202005', 'KM', 977, 0),
	('c54', '202005', 'NUI', 6, 0),
	('c54', '202005', 'REP', 4, 0),
	('c54', '202006', 'ETP', 11, 0),
	('c54', '202006', 'KM', 547, 0),
	('c54', '202006', 'NUI', 19, 0),
	('c54', '202006', 'REP', 19, 0),
	('c54', '202007', 'ETP', 13, 0),
	('c54', '202007', 'KM', 970, 0),
	('c54', '202007', 'NUI', 6, 0),
	('c54', '202007', 'REP', 10, 0),
	('c54', '202008', 'ETP', 19, 0),
	('c54', '202008', 'KM', 822, 0),
	('c54', '202008', 'NUI', 17, 0),
	('c54', '202008', 'REP', 10, 0),
	('c54', '202009', 'ETP', 18, 0),
	('c54', '202009', 'KM', 431, 0),
	('c54', '202009', 'NUI', 14, 0),
	('c54', '202009', 'REP', 5, 0),
	('c54', '202010', 'ETP', 5, 0),
	('c54', '202010', 'KM', 478, 0),
	('c54', '202010', 'NUI', 10, 0),
	('c54', '202010', 'REP', 8, 0),
	('c54', '202011', 'ETP', 8, 0),
	('c54', '202011', 'KM', 589, 0),
	('c54', '202011', 'NUI', 6, 0),
	('c54', '202011', 'REP', 4, 0),
	('c54', '202012', 'ETP', 3, 0),
	('c54', '202012', 'KM', 742, 0),
	('c54', '202012', 'NUI', 14, 0),
	('c54', '202012', 'REP', 7, 0),
	('c54', '202101', 'ETP', 16, 0),
	('c54', '202101', 'KM', 565, 0),
	('c54', '202101', 'NUI', 16, 0),
	('c54', '202101', 'REP', 20, 0),
	('c54', '202102', 'ETP', 7, 0),
	('c54', '202102', 'KM', 738, 0),
	('c54', '202102', 'NUI', 4, 0),
	('c54', '202102', 'REP', 2, 0),
	('c54', '202103', 'ETP', 19, 0),
	('c54', '202103', 'KM', 887, 0),
	('c54', '202103', 'NUI', 18, 0),
	('c54', '202103', 'REP', 12, 0),
	('c54', '202104', 'ETP', 12, 0),
	('c54', '202104', 'KM', 991, 0),
	('c54', '202104', 'NUI', 13, 0),
	('c54', '202104', 'REP', 7, 0),
	('c54', '202105', 'ETP', 11, 0),
	('c54', '202105', 'KM', 677, 0),
	('c54', '202105', 'NUI', 9, 0),
	('c54', '202105', 'REP', 11, 0),
	('c54', '202106', 'ETP', 14, 0),
	('c54', '202106', 'KM', 625, 0),
	('c54', '202106', 'NUI', 18, 0),
	('c54', '202106', 'REP', 18, 0),
	('c54', '202107', 'ETP', 8, 0),
	('c54', '202107', 'KM', 462, 0),
	('c54', '202107', 'NUI', 3, 0),
	('c54', '202107', 'REP', 14, 0),
	('d13', '201901', 'ETP', 9, 0),
	('d13', '201901', 'KM', 867, 0),
	('d13', '201901', 'NUI', 14, 0),
	('d13', '201901', 'REP', 12, 0),
	('d13', '201902', 'ETP', 4, 0),
	('d13', '201902', 'KM', 767, 0),
	('d13', '201902', 'NUI', 14, 0),
	('d13', '201902', 'REP', 16, 0),
	('d13', '201903', 'ETP', 9, 0),
	('d13', '201903', 'KM', 841, 0),
	('d13', '201903', 'NUI', 15, 0),
	('d13', '201903', 'REP', 20, 0),
	('d13', '201904', 'ETP', 13, 0),
	('d13', '201904', 'KM', 716, 0),
	('d13', '201904', 'NUI', 18, 0),
	('d13', '201904', 'REP', 11, 0),
	('d13', '201905', 'ETP', 12, 0),
	('d13', '201905', 'KM', 371, 0),
	('d13', '201905', 'NUI', 16, 0),
	('d13', '201905', 'REP', 20, 0),
	('d13', '201906', 'ETP', 12, 0),
	('d13', '201906', 'KM', 835, 0),
	('d13', '201906', 'NUI', 11, 0),
	('d13', '201906', 'REP', 15, 0),
	('d13', '201907', 'ETP', 11, 0),
	('d13', '201907', 'KM', 685, 0),
	('d13', '201907', 'NUI', 13, 0),
	('d13', '201907', 'REP', 7, 0),
	('d13', '201908', 'ETP', 15, 0),
	('d13', '201908', 'KM', 949, 0),
	('d13', '201908', 'NUI', 6, 0),
	('d13', '201908', 'REP', 3, 0),
	('d13', '201909', 'ETP', 2, 0),
	('d13', '201909', 'KM', 905, 0),
	('d13', '201909', 'NUI', 20, 0),
	('d13', '201909', 'REP', 14, 0),
	('d13', '201910', 'ETP', 17, 0),
	('d13', '201910', 'KM', 881, 0),
	('d13', '201910', 'NUI', 19, 0),
	('d13', '201910', 'REP', 8, 0),
	('d13', '201911', 'ETP', 19, 0),
	('d13', '201911', 'KM', 857, 0),
	('d13', '201911', 'NUI', 14, 0),
	('d13', '201911', 'REP', 18, 0),
	('d13', '201912', 'ETP', 14, 0),
	('d13', '201912', 'KM', 458, 0),
	('d13', '201912', 'NUI', 6, 0),
	('d13', '201912', 'REP', 8, 0),
	('d13', '202001', 'ETP', 19, 0),
	('d13', '202001', 'KM', 365, 0),
	('d13', '202001', 'NUI', 7, 0),
	('d13', '202001', 'REP', 12, 0),
	('d13', '202002', 'ETP', 20, 0),
	('d13', '202002', 'KM', 906, 0),
	('d13', '202002', 'NUI', 20, 0),
	('d13', '202002', 'REP', 16, 0),
	('d13', '202003', 'ETP', 15, 0),
	('d13', '202003', 'KM', 657, 0),
	('d13', '202003', 'NUI', 16, 0),
	('d13', '202003', 'REP', 13, 0),
	('d13', '202004', 'ETP', 10, 0),
	('d13', '202004', 'KM', 647, 0),
	('d13', '202004', 'NUI', 17, 0),
	('d13', '202004', 'REP', 8, 0),
	('d13', '202005', 'ETP', 3, 0),
	('d13', '202005', 'KM', 855, 0),
	('d13', '202005', 'NUI', 15, 0),
	('d13', '202005', 'REP', 15, 0),
	('d13', '202006', 'ETP', 19, 0),
	('d13', '202006', 'KM', 908, 0),
	('d13', '202006', 'NUI', 12, 0),
	('d13', '202006', 'REP', 18, 0),
	('d13', '202007', 'ETP', 17, 0),
	('d13', '202007', 'KM', 785, 0),
	('d13', '202007', 'NUI', 20, 0),
	('d13', '202007', 'REP', 13, 0),
	('d13', '202008', 'ETP', 4, 0),
	('d13', '202008', 'KM', 814, 0),
	('d13', '202008', 'NUI', 20, 0),
	('d13', '202008', 'REP', 3, 0),
	('d13', '202009', 'ETP', 14, 0),
	('d13', '202009', 'KM', 972, 0),
	('d13', '202009', 'NUI', 6, 0),
	('d13', '202009', 'REP', 2, 0),
	('d13', '202010', 'ETP', 16, 0),
	('d13', '202010', 'KM', 889, 0),
	('d13', '202010', 'NUI', 16, 0),
	('d13', '202010', 'REP', 15, 0),
	('d13', '202011', 'ETP', 7, 0),
	('d13', '202011', 'KM', 541, 0),
	('d13', '202011', 'NUI', 6, 0),
	('d13', '202011', 'REP', 16, 0),
	('d13', '202012', 'ETP', 13, 0),
	('d13', '202012', 'KM', 958, 0),
	('d13', '202012', 'NUI', 16, 0),
	('d13', '202012', 'REP', 11, 0),
	('d13', '202101', 'ETP', 11, 0),
	('d13', '202101', 'KM', 717, 0),
	('d13', '202101', 'NUI', 17, 0),
	('d13', '202101', 'REP', 13, 0),
	('d13', '202102', 'ETP', 9, 0),
	('d13', '202102', 'KM', 847, 0),
	('d13', '202102', 'NUI', 13, 0),
	('d13', '202102', 'REP', 6, 0),
	('d13', '202103', 'ETP', 3, 0),
	('d13', '202103', 'KM', 625, 0),
	('d13', '202103', 'NUI', 14, 0),
	('d13', '202103', 'REP', 5, 0),
	('d13', '202104', 'ETP', 19, 0),
	('d13', '202104', 'KM', 380, 0),
	('d13', '202104', 'NUI', 3, 0),
	('d13', '202104', 'REP', 14, 0),
	('d13', '202105', 'ETP', 16, 0),
	('d13', '202105', 'KM', 791, 0),
	('d13', '202105', 'NUI', 11, 0),
	('d13', '202105', 'REP', 8, 0),
	('d13', '202106', 'ETP', 19, 0),
	('d13', '202106', 'KM', 784, 0),
	('d13', '202106', 'NUI', 2, 0),
	('d13', '202106', 'REP', 11, 0),
	('d13', '202107', 'ETP', 6, 0),
	('d13', '202107', 'KM', 338, 0),
	('d13', '202107', 'NUI', 4, 0),
	('d13', '202107', 'REP', 17, 0),
	('d51', '201901', 'ETP', 3, 0),
	('d51', '201901', 'KM', 481, 0),
	('d51', '201901', 'NUI', 2, 0),
	('d51', '201901', 'REP', 12, 0),
	('d51', '201902', 'ETP', 8, 0),
	('d51', '201902', 'KM', 492, 0),
	('d51', '201902', 'NUI', 7, 0),
	('d51', '201902', 'REP', 8, 0),
	('d51', '201903', 'ETP', 6, 0),
	('d51', '201903', 'KM', 699, 0),
	('d51', '201903', 'NUI', 20, 0),
	('d51', '201903', 'REP', 11, 0),
	('d51', '201904', 'ETP', 15, 0),
	('d51', '201904', 'KM', 378, 0),
	('d51', '201904', 'NUI', 15, 0),
	('d51', '201904', 'REP', 14, 0),
	('d51', '201905', 'ETP', 4, 0),
	('d51', '201905', 'KM', 560, 0),
	('d51', '201905', 'NUI', 13, 0),
	('d51', '201905', 'REP', 4, 0),
	('d51', '201906', 'ETP', 6, 0),
	('d51', '201906', 'KM', 522, 0),
	('d51', '201906', 'NUI', 5, 0),
	('d51', '201906', 'REP', 12, 0),
	('d51', '201907', 'ETP', 10, 0),
	('d51', '201907', 'KM', 592, 0),
	('d51', '201907', 'NUI', 13, 0),
	('d51', '201907', 'REP', 5, 0),
	('d51', '201908', 'ETP', 12, 0),
	('d51', '201908', 'KM', 748, 0),
	('d51', '201908', 'NUI', 9, 0),
	('d51', '201908', 'REP', 16, 0),
	('d51', '201909', 'ETP', 20, 0),
	('d51', '201909', 'KM', 617, 0),
	('d51', '201909', 'NUI', 15, 0),
	('d51', '201909', 'REP', 10, 0),
	('d51', '201910', 'ETP', 11, 0),
	('d51', '201910', 'KM', 880, 0),
	('d51', '201910', 'NUI', 4, 0),
	('d51', '201910', 'REP', 20, 0),
	('d51', '201911', 'ETP', 10, 0),
	('d51', '201911', 'KM', 463, 0),
	('d51', '201911', 'NUI', 16, 0),
	('d51', '201911', 'REP', 13, 0),
	('d51', '201912', 'ETP', 16, 0),
	('d51', '201912', 'KM', 744, 0),
	('d51', '201912', 'NUI', 5, 0),
	('d51', '201912', 'REP', 2, 0),
	('d51', '202001', 'ETP', 14, 0),
	('d51', '202001', 'KM', 653, 0),
	('d51', '202001', 'NUI', 10, 0),
	('d51', '202001', 'REP', 10, 0),
	('d51', '202002', 'ETP', 3, 0),
	('d51', '202002', 'KM', 866, 0),
	('d51', '202002', 'NUI', 6, 0),
	('d51', '202002', 'REP', 14, 0),
	('d51', '202003', 'ETP', 8, 0),
	('d51', '202003', 'KM', 312, 0),
	('d51', '202003', 'NUI', 12, 0),
	('d51', '202003', 'REP', 16, 0),
	('d51', '202004', 'ETP', 7, 0),
	('d51', '202004', 'KM', 369, 0),
	('d51', '202004', 'NUI', 2, 0),
	('d51', '202004', 'REP', 12, 0),
	('d51', '202005', 'ETP', 6, 0),
	('d51', '202005', 'KM', 666, 0),
	('d51', '202005', 'NUI', 17, 0),
	('d51', '202005', 'REP', 6, 0),
	('d51', '202006', 'ETP', 2, 0),
	('d51', '202006', 'KM', 480, 0),
	('d51', '202006', 'NUI', 9, 0),
	('d51', '202006', 'REP', 11, 0),
	('d51', '202007', 'ETP', 3, 0),
	('d51', '202007', 'KM', 840, 0),
	('d51', '202007', 'NUI', 19, 0),
	('d51', '202007', 'REP', 13, 0),
	('d51', '202008', 'ETP', 4, 0),
	('d51', '202008', 'KM', 322, 0),
	('d51', '202008', 'NUI', 2, 0),
	('d51', '202008', 'REP', 7, 0),
	('d51', '202009', 'ETP', 13, 0),
	('d51', '202009', 'KM', 657, 0),
	('d51', '202009', 'NUI', 15, 0),
	('d51', '202009', 'REP', 15, 0),
	('d51', '202010', 'ETP', 8, 0),
	('d51', '202010', 'KM', 422, 0),
	('d51', '202010', 'NUI', 14, 0),
	('d51', '202010', 'REP', 13, 0),
	('d51', '202011', 'ETP', 13, 0),
	('d51', '202011', 'KM', 645, 0),
	('d51', '202011', 'NUI', 18, 0),
	('d51', '202011', 'REP', 5, 0),
	('d51', '202012', 'ETP', 8, 0),
	('d51', '202012', 'KM', 604, 0),
	('d51', '202012', 'NUI', 3, 0),
	('d51', '202012', 'REP', 6, 0),
	('d51', '202101', 'ETP', 18, 0),
	('d51', '202101', 'KM', 627, 0),
	('d51', '202101', 'NUI', 6, 0),
	('d51', '202101', 'REP', 18, 0),
	('d51', '202102', 'ETP', 20, 0),
	('d51', '202102', 'KM', 693, 0),
	('d51', '202102', 'NUI', 20, 0),
	('d51', '202102', 'REP', 18, 0),
	('d51', '202103', 'ETP', 2, 0),
	('d51', '202103', 'KM', 428, 0),
	('d51', '202103', 'NUI', 10, 0),
	('d51', '202103', 'REP', 11, 0),
	('d51', '202104', 'ETP', 19, 0),
	('d51', '202104', 'KM', 513, 0),
	('d51', '202104', 'NUI', 5, 0),
	('d51', '202104', 'REP', 9, 0),
	('d51', '202105', 'ETP', 19, 0),
	('d51', '202105', 'KM', 575, 0),
	('d51', '202105', 'NUI', 8, 0),
	('d51', '202105', 'REP', 16, 0),
	('d51', '202106', 'ETP', 19, 0),
	('d51', '202106', 'KM', 591, 0),
	('d51', '202106', 'NUI', 10, 0),
	('d51', '202106', 'REP', 9, 0),
	('d51', '202107', 'ETP', 7, 0),
	('d51', '202107', 'KM', 891, 0),
	('d51', '202107', 'NUI', 13, 0),
	('d51', '202107', 'REP', 11, 0),
	('e22', '201901', 'ETP', 17, 0),
	('e22', '201901', 'KM', 751, 0),
	('e22', '201901', 'NUI', 10, 0),
	('e22', '201901', 'REP', 16, 0),
	('e22', '201902', 'ETP', 18, 0),
	('e22', '201902', 'KM', 500, 0),
	('e22', '201902', 'NUI', 2, 0),
	('e22', '201902', 'REP', 9, 0),
	('e22', '201903', 'ETP', 7, 0),
	('e22', '201903', 'KM', 818, 0),
	('e22', '201903', 'NUI', 20, 0),
	('e22', '201903', 'REP', 4, 0),
	('e22', '201904', 'ETP', 9, 0),
	('e22', '201904', 'KM', 630, 0),
	('e22', '201904', 'NUI', 8, 0),
	('e22', '201904', 'REP', 6, 0),
	('e22', '201905', 'ETP', 3, 0),
	('e22', '201905', 'KM', 616, 0),
	('e22', '201905', 'NUI', 16, 0),
	('e22', '201905', 'REP', 8, 0),
	('e22', '201906', 'ETP', 13, 0),
	('e22', '201906', 'KM', 404, 0),
	('e22', '201906', 'NUI', 8, 0),
	('e22', '201906', 'REP', 16, 0),
	('e22', '201907', 'ETP', 19, 0),
	('e22', '201907', 'KM', 672, 0),
	('e22', '201907', 'NUI', 13, 0),
	('e22', '201907', 'REP', 4, 0),
	('e22', '201908', 'ETP', 8, 0),
	('e22', '201908', 'KM', 348, 0),
	('e22', '201908', 'NUI', 15, 0),
	('e22', '201908', 'REP', 15, 0),
	('e22', '201909', 'ETP', 14, 0),
	('e22', '201909', 'KM', 811, 0),
	('e22', '201909', 'NUI', 5, 0),
	('e22', '201909', 'REP', 5, 0),
	('e22', '201910', 'ETP', 6, 0),
	('e22', '201910', 'KM', 987, 0),
	('e22', '201910', 'NUI', 6, 0),
	('e22', '201910', 'REP', 17, 0),
	('e22', '201911', 'ETP', 19, 0),
	('e22', '201911', 'KM', 856, 0),
	('e22', '201911', 'NUI', 8, 0),
	('e22', '201911', 'REP', 7, 0),
	('e22', '201912', 'ETP', 4, 0),
	('e22', '201912', 'KM', 745, 0),
	('e22', '201912', 'NUI', 13, 0),
	('e22', '201912', 'REP', 18, 0),
	('e22', '202001', 'ETP', 12, 0),
	('e22', '202001', 'KM', 632, 0),
	('e22', '202001', 'NUI', 15, 0),
	('e22', '202001', 'REP', 6, 0),
	('e22', '202002', 'ETP', 15, 0),
	('e22', '202002', 'KM', 847, 0),
	('e22', '202002', 'NUI', 15, 0),
	('e22', '202002', 'REP', 13, 0),
	('e22', '202003', 'ETP', 7, 0),
	('e22', '202003', 'KM', 666, 0),
	('e22', '202003', 'NUI', 4, 0),
	('e22', '202003', 'REP', 15, 0),
	('e22', '202004', 'ETP', 15, 0),
	('e22', '202004', 'KM', 418, 0),
	('e22', '202004', 'NUI', 5, 0),
	('e22', '202004', 'REP', 16, 0),
	('e22', '202005', 'ETP', 18, 0),
	('e22', '202005', 'KM', 782, 0),
	('e22', '202005', 'NUI', 8, 0),
	('e22', '202005', 'REP', 10, 0),
	('e22', '202006', 'ETP', 20, 0),
	('e22', '202006', 'KM', 685, 0),
	('e22', '202006', 'NUI', 16, 0),
	('e22', '202006', 'REP', 3, 0),
	('e22', '202007', 'ETP', 20, 0),
	('e22', '202007', 'KM', 806, 0),
	('e22', '202007', 'NUI', 3, 0),
	('e22', '202007', 'REP', 7, 0),
	('e22', '202008', 'ETP', 5, 0),
	('e22', '202008', 'KM', 771, 0),
	('e22', '202008', 'NUI', 7, 0),
	('e22', '202008', 'REP', 8, 0),
	('e22', '202009', 'ETP', 10, 0),
	('e22', '202009', 'KM', 560, 0),
	('e22', '202009', 'NUI', 2, 0),
	('e22', '202009', 'REP', 20, 0),
	('e22', '202010', 'ETP', 4, 0),
	('e22', '202010', 'KM', 501, 0),
	('e22', '202010', 'NUI', 10, 0),
	('e22', '202010', 'REP', 7, 0),
	('e22', '202011', 'ETP', 2, 0),
	('e22', '202011', 'KM', 572, 0),
	('e22', '202011', 'NUI', 3, 0),
	('e22', '202011', 'REP', 4, 0),
	('e22', '202012', 'ETP', 11, 0),
	('e22', '202012', 'KM', 401, 0),
	('e22', '202012', 'NUI', 20, 0),
	('e22', '202012', 'REP', 15, 0),
	('e22', '202101', 'ETP', 10, 0),
	('e22', '202101', 'KM', 667, 0),
	('e22', '202101', 'NUI', 18, 0),
	('e22', '202101', 'REP', 14, 0),
	('e22', '202102', 'ETP', 4, 0),
	('e22', '202102', 'KM', 997, 0),
	('e22', '202102', 'NUI', 15, 0),
	('e22', '202102', 'REP', 6, 0),
	('e22', '202103', 'ETP', 9, 0),
	('e22', '202103', 'KM', 668, 0),
	('e22', '202103', 'NUI', 5, 0),
	('e22', '202103', 'REP', 5, 0),
	('e22', '202104', 'ETP', 14, 0),
	('e22', '202104', 'KM', 710, 0),
	('e22', '202104', 'NUI', 7, 0),
	('e22', '202104', 'REP', 15, 0),
	('e22', '202105', 'ETP', 16, 0),
	('e22', '202105', 'KM', 401, 0),
	('e22', '202105', 'NUI', 16, 0),
	('e22', '202105', 'REP', 12, 0),
	('e22', '202106', 'ETP', 19, 0),
	('e22', '202106', 'KM', 769, 0),
	('e22', '202106', 'NUI', 12, 0),
	('e22', '202106', 'REP', 19, 0),
	('e22', '202107', 'ETP', 4, 0),
	('e22', '202107', 'KM', 391, 0),
	('e22', '202107', 'NUI', 8, 0),
	('e22', '202107', 'REP', 10, 0),
	('e24', '201901', 'ETP', 14, 0),
	('e24', '201901', 'KM', 998, 0),
	('e24', '201901', 'NUI', 6, 0),
	('e24', '201901', 'REP', 11, 0),
	('e24', '201902', 'ETP', 9, 0),
	('e24', '201902', 'KM', 463, 0),
	('e24', '201902', 'NUI', 15, 0),
	('e24', '201902', 'REP', 15, 0),
	('e24', '201903', 'ETP', 13, 0),
	('e24', '201903', 'KM', 520, 0),
	('e24', '201903', 'NUI', 2, 0),
	('e24', '201903', 'REP', 7, 0),
	('e24', '201904', 'ETP', 6, 0),
	('e24', '201904', 'KM', 443, 0),
	('e24', '201904', 'NUI', 14, 0),
	('e24', '201904', 'REP', 20, 0),
	('e24', '201905', 'ETP', 11, 0),
	('e24', '201905', 'KM', 562, 0),
	('e24', '201905', 'NUI', 15, 0),
	('e24', '201905', 'REP', 20, 0),
	('e24', '201906', 'ETP', 9, 0),
	('e24', '201906', 'KM', 855, 0),
	('e24', '201906', 'NUI', 17, 0),
	('e24', '201906', 'REP', 2, 0),
	('e24', '201907', 'ETP', 4, 0),
	('e24', '201907', 'KM', 949, 0),
	('e24', '201907', 'NUI', 3, 0),
	('e24', '201907', 'REP', 8, 0),
	('e24', '201908', 'ETP', 14, 0),
	('e24', '201908', 'KM', 823, 0),
	('e24', '201908', 'NUI', 2, 0),
	('e24', '201908', 'REP', 14, 0),
	('e24', '201909', 'ETP', 6, 0),
	('e24', '201909', 'KM', 805, 0),
	('e24', '201909', 'NUI', 17, 0),
	('e24', '201909', 'REP', 5, 0),
	('e24', '201910', 'ETP', 15, 0),
	('e24', '201910', 'KM', 874, 0),
	('e24', '201910', 'NUI', 20, 0),
	('e24', '201910', 'REP', 13, 0),
	('e24', '201911', 'ETP', 11, 0),
	('e24', '201911', 'KM', 656, 0),
	('e24', '201911', 'NUI', 15, 0),
	('e24', '201911', 'REP', 5, 0),
	('e24', '201912', 'ETP', 9, 0),
	('e24', '201912', 'KM', 831, 0),
	('e24', '201912', 'NUI', 11, 0),
	('e24', '201912', 'REP', 13, 0),
	('e24', '202001', 'ETP', 16, 0),
	('e24', '202001', 'KM', 326, 0),
	('e24', '202001', 'NUI', 11, 0),
	('e24', '202001', 'REP', 3, 0),
	('e24', '202002', 'ETP', 9, 0),
	('e24', '202002', 'KM', 520, 0),
	('e24', '202002', 'NUI', 7, 0),
	('e24', '202002', 'REP', 9, 0),
	('e24', '202003', 'ETP', 15, 0),
	('e24', '202003', 'KM', 341, 0),
	('e24', '202003', 'NUI', 19, 0),
	('e24', '202003', 'REP', 15, 0),
	('e24', '202004', 'ETP', 11, 0),
	('e24', '202004', 'KM', 466, 0),
	('e24', '202004', 'NUI', 3, 0),
	('e24', '202004', 'REP', 16, 0),
	('e24', '202005', 'ETP', 4, 0),
	('e24', '202005', 'KM', 525, 0),
	('e24', '202005', 'NUI', 16, 0),
	('e24', '202005', 'REP', 16, 0),
	('e24', '202006', 'ETP', 10, 0),
	('e24', '202006', 'KM', 495, 0),
	('e24', '202006', 'NUI', 13, 0),
	('e24', '202006', 'REP', 9, 0),
	('e24', '202007', 'ETP', 16, 0),
	('e24', '202007', 'KM', 704, 0),
	('e24', '202007', 'NUI', 16, 0),
	('e24', '202007', 'REP', 20, 0),
	('e24', '202008', 'ETP', 19, 0),
	('e24', '202008', 'KM', 430, 0),
	('e24', '202008', 'NUI', 15, 0),
	('e24', '202008', 'REP', 4, 0),
	('e24', '202009', 'ETP', 8, 0),
	('e24', '202009', 'KM', 703, 0),
	('e24', '202009', 'NUI', 14, 0),
	('e24', '202009', 'REP', 3, 0),
	('e24', '202010', 'ETP', 17, 0),
	('e24', '202010', 'KM', 799, 0),
	('e24', '202010', 'NUI', 3, 0),
	('e24', '202010', 'REP', 14, 0),
	('e24', '202011', 'ETP', 14, 0),
	('e24', '202011', 'KM', 345, 0),
	('e24', '202011', 'NUI', 5, 0),
	('e24', '202011', 'REP', 19, 0),
	('e24', '202012', 'ETP', 15, 0),
	('e24', '202012', 'KM', 723, 0),
	('e24', '202012', 'NUI', 11, 0),
	('e24', '202012', 'REP', 15, 0),
	('e24', '202101', 'ETP', 9, 0),
	('e24', '202101', 'KM', 859, 0),
	('e24', '202101', 'NUI', 3, 0),
	('e24', '202101', 'REP', 5, 0),
	('e24', '202102', 'ETP', 11, 0),
	('e24', '202102', 'KM', 730, 0),
	('e24', '202102', 'NUI', 14, 0),
	('e24', '202102', 'REP', 3, 0),
	('e24', '202103', 'ETP', 9, 0),
	('e24', '202103', 'KM', 665, 0),
	('e24', '202103', 'NUI', 5, 0),
	('e24', '202103', 'REP', 13, 0),
	('e24', '202104', 'ETP', 18, 0),
	('e24', '202104', 'KM', 643, 0),
	('e24', '202104', 'NUI', 8, 0),
	('e24', '202104', 'REP', 11, 0),
	('e24', '202105', 'ETP', 7, 0),
	('e24', '202105', 'KM', 992, 0),
	('e24', '202105', 'NUI', 5, 0),
	('e24', '202105', 'REP', 20, 0),
	('e24', '202106', 'ETP', 12, 0),
	('e24', '202106', 'KM', 990, 0),
	('e24', '202106', 'NUI', 7, 0),
	('e24', '202106', 'REP', 16, 0),
	('e24', '202107', 'ETP', 20, 0),
	('e24', '202107', 'KM', 963, 0),
	('e24', '202107', 'NUI', 17, 0),
	('e24', '202107', 'REP', 2, 0),
	('e39', '201901', 'ETP', 8, 0),
	('e39', '201901', 'KM', 892, 0),
	('e39', '201901', 'NUI', 7, 0),
	('e39', '201901', 'REP', 12, 0),
	('e39', '201902', 'ETP', 3, 0),
	('e39', '201902', 'KM', 403, 0),
	('e39', '201902', 'NUI', 17, 0),
	('e39', '201902', 'REP', 11, 0),
	('e39', '201903', 'ETP', 20, 0),
	('e39', '201903', 'KM', 877, 0),
	('e39', '201903', 'NUI', 2, 0),
	('e39', '201903', 'REP', 13, 0),
	('e39', '201904', 'ETP', 9, 0),
	('e39', '201904', 'KM', 539, 0),
	('e39', '201904', 'NUI', 20, 0),
	('e39', '201904', 'REP', 4, 0),
	('e39', '201905', 'ETP', 5, 0),
	('e39', '201905', 'KM', 769, 0),
	('e39', '201905', 'NUI', 7, 0),
	('e39', '201905', 'REP', 16, 0),
	('e39', '201906', 'ETP', 14, 0),
	('e39', '201906', 'KM', 493, 0),
	('e39', '201906', 'NUI', 3, 0),
	('e39', '201906', 'REP', 15, 0),
	('e39', '201907', 'ETP', 15, 0),
	('e39', '201907', 'KM', 392, 0),
	('e39', '201907', 'NUI', 18, 0),
	('e39', '201907', 'REP', 15, 0),
	('e39', '201908', 'ETP', 14, 0),
	('e39', '201908', 'KM', 793, 0),
	('e39', '201908', 'NUI', 16, 0),
	('e39', '201908', 'REP', 20, 0),
	('e39', '201909', 'ETP', 8, 0),
	('e39', '201909', 'KM', 974, 0),
	('e39', '201909', 'NUI', 10, 0),
	('e39', '201909', 'REP', 6, 0),
	('e39', '201910', 'ETP', 3, 0),
	('e39', '201910', 'KM', 561, 0),
	('e39', '201910', 'NUI', 19, 0),
	('e39', '201910', 'REP', 14, 0),
	('e39', '201911', 'ETP', 17, 0),
	('e39', '201911', 'KM', 937, 0),
	('e39', '201911', 'NUI', 16, 0),
	('e39', '201911', 'REP', 2, 0),
	('e39', '201912', 'ETP', 16, 0),
	('e39', '201912', 'KM', 324, 0),
	('e39', '201912', 'NUI', 5, 0),
	('e39', '201912', 'REP', 12, 0),
	('e39', '202001', 'ETP', 17, 0),
	('e39', '202001', 'KM', 806, 0),
	('e39', '202001', 'NUI', 14, 0),
	('e39', '202001', 'REP', 19, 0),
	('e39', '202002', 'ETP', 9, 0),
	('e39', '202002', 'KM', 608, 0),
	('e39', '202002', 'NUI', 8, 0),
	('e39', '202002', 'REP', 8, 0),
	('e39', '202003', 'ETP', 6, 0),
	('e39', '202003', 'KM', 408, 0),
	('e39', '202003', 'NUI', 17, 0),
	('e39', '202003', 'REP', 13, 0),
	('e39', '202004', 'ETP', 15, 0),
	('e39', '202004', 'KM', 535, 0),
	('e39', '202004', 'NUI', 4, 0),
	('e39', '202004', 'REP', 17, 0),
	('e39', '202005', 'ETP', 15, 0),
	('e39', '202005', 'KM', 967, 0),
	('e39', '202005', 'NUI', 20, 0),
	('e39', '202005', 'REP', 17, 0),
	('e39', '202006', 'ETP', 11, 0),
	('e39', '202006', 'KM', 632, 0),
	('e39', '202006', 'NUI', 9, 0),
	('e39', '202006', 'REP', 16, 0),
	('e39', '202007', 'ETP', 20, 0),
	('e39', '202007', 'KM', 908, 0),
	('e39', '202007', 'NUI', 19, 0),
	('e39', '202007', 'REP', 8, 0),
	('e39', '202008', 'ETP', 11, 0),
	('e39', '202008', 'KM', 724, 0),
	('e39', '202008', 'NUI', 15, 0),
	('e39', '202008', 'REP', 17, 0),
	('e39', '202009', 'ETP', 18, 0),
	('e39', '202009', 'KM', 756, 0),
	('e39', '202009', 'NUI', 9, 0),
	('e39', '202009', 'REP', 19, 0),
	('e39', '202010', 'ETP', 11, 0),
	('e39', '202010', 'KM', 634, 0),
	('e39', '202010', 'NUI', 20, 0),
	('e39', '202010', 'REP', 18, 0),
	('e39', '202011', 'ETP', 4, 0),
	('e39', '202011', 'KM', 336, 0),
	('e39', '202011', 'NUI', 4, 0),
	('e39', '202011', 'REP', 8, 0),
	('e39', '202012', 'ETP', 4, 0),
	('e39', '202012', 'KM', 890, 0),
	('e39', '202012', 'NUI', 19, 0),
	('e39', '202012', 'REP', 12, 0),
	('e39', '202101', 'ETP', 10, 0),
	('e39', '202101', 'KM', 874, 0),
	('e39', '202101', 'NUI', 19, 0),
	('e39', '202101', 'REP', 6, 0),
	('e39', '202102', 'ETP', 7, 0),
	('e39', '202102', 'KM', 615, 0),
	('e39', '202102', 'NUI', 5, 0),
	('e39', '202102', 'REP', 14, 0),
	('e39', '202103', 'ETP', 13, 0),
	('e39', '202103', 'KM', 793, 0),
	('e39', '202103', 'NUI', 10, 0),
	('e39', '202103', 'REP', 11, 0),
	('e39', '202104', 'ETP', 14, 0),
	('e39', '202104', 'KM', 334, 0),
	('e39', '202104', 'NUI', 14, 0),
	('e39', '202104', 'REP', 20, 0),
	('e39', '202105', 'ETP', 7, 0),
	('e39', '202105', 'KM', 619, 0),
	('e39', '202105', 'NUI', 11, 0),
	('e39', '202105', 'REP', 17, 0),
	('e39', '202106', 'ETP', 20, 0),
	('e39', '202106', 'KM', 573, 0),
	('e39', '202106', 'NUI', 2, 0),
	('e39', '202106', 'REP', 6, 0),
	('e39', '202107', 'ETP', 9, 0),
	('e39', '202107', 'KM', 877, 0),
	('e39', '202107', 'NUI', 17, 0),
	('e39', '202107', 'REP', 19, 0),
	('e49', '201901', 'ETP', 20, 0),
	('e49', '201901', 'KM', 457, 0),
	('e49', '201901', 'NUI', 2, 0),
	('e49', '201901', 'REP', 4, 0),
	('e49', '201902', 'ETP', 12, 0),
	('e49', '201902', 'KM', 692, 0),
	('e49', '201902', 'NUI', 5, 0),
	('e49', '201902', 'REP', 13, 0),
	('e49', '201903', 'ETP', 10, 0),
	('e49', '201903', 'KM', 510, 0),
	('e49', '201903', 'NUI', 10, 0),
	('e49', '201903', 'REP', 11, 0),
	('e49', '201904', 'ETP', 12, 0),
	('e49', '201904', 'KM', 589, 0),
	('e49', '201904', 'NUI', 8, 0),
	('e49', '201904', 'REP', 12, 0),
	('e49', '201905', 'ETP', 4, 0),
	('e49', '201905', 'KM', 558, 0),
	('e49', '201905', 'NUI', 20, 0),
	('e49', '201905', 'REP', 2, 0),
	('e49', '201906', 'ETP', 4, 0),
	('e49', '201906', 'KM', 393, 0),
	('e49', '201906', 'NUI', 20, 0),
	('e49', '201906', 'REP', 13, 0),
	('e49', '201907', 'ETP', 17, 0),
	('e49', '201907', 'KM', 425, 0),
	('e49', '201907', 'NUI', 9, 0),
	('e49', '201907', 'REP', 10, 0),
	('e49', '201908', 'ETP', 2, 0),
	('e49', '201908', 'KM', 630, 0),
	('e49', '201908', 'NUI', 19, 0),
	('e49', '201908', 'REP', 9, 0),
	('e49', '201909', 'ETP', 5, 0),
	('e49', '201909', 'KM', 637, 0),
	('e49', '201909', 'NUI', 11, 0),
	('e49', '201909', 'REP', 13, 0),
	('e49', '201910', 'ETP', 2, 0),
	('e49', '201910', 'KM', 423, 0),
	('e49', '201910', 'NUI', 18, 0),
	('e49', '201910', 'REP', 17, 0),
	('e49', '201911', 'ETP', 20, 0),
	('e49', '201911', 'KM', 318, 0),
	('e49', '201911', 'NUI', 2, 0),
	('e49', '201911', 'REP', 5, 0),
	('e49', '201912', 'ETP', 18, 0),
	('e49', '201912', 'KM', 999, 0),
	('e49', '201912', 'NUI', 13, 0),
	('e49', '201912', 'REP', 11, 0),
	('e49', '202001', 'ETP', 2, 0),
	('e49', '202001', 'KM', 694, 0),
	('e49', '202001', 'NUI', 14, 0),
	('e49', '202001', 'REP', 19, 0),
	('e49', '202002', 'ETP', 7, 0),
	('e49', '202002', 'KM', 782, 0),
	('e49', '202002', 'NUI', 17, 0),
	('e49', '202002', 'REP', 6, 0),
	('e49', '202003', 'ETP', 2, 0),
	('e49', '202003', 'KM', 890, 0),
	('e49', '202003', 'NUI', 5, 0),
	('e49', '202003', 'REP', 13, 0),
	('e49', '202004', 'ETP', 2, 0),
	('e49', '202004', 'KM', 996, 0),
	('e49', '202004', 'NUI', 8, 0),
	('e49', '202004', 'REP', 16, 0),
	('e49', '202005', 'ETP', 15, 0),
	('e49', '202005', 'KM', 729, 0),
	('e49', '202005', 'NUI', 9, 0),
	('e49', '202005', 'REP', 20, 0),
	('e49', '202006', 'ETP', 18, 0),
	('e49', '202006', 'KM', 768, 0),
	('e49', '202006', 'NUI', 19, 0),
	('e49', '202006', 'REP', 18, 0),
	('e49', '202007', 'ETP', 18, 0),
	('e49', '202007', 'KM', 739, 0),
	('e49', '202007', 'NUI', 20, 0),
	('e49', '202007', 'REP', 15, 0),
	('e49', '202008', 'ETP', 12, 0),
	('e49', '202008', 'KM', 621, 0),
	('e49', '202008', 'NUI', 6, 0),
	('e49', '202008', 'REP', 7, 0),
	('e49', '202009', 'ETP', 7, 0),
	('e49', '202009', 'KM', 743, 0),
	('e49', '202009', 'NUI', 15, 0),
	('e49', '202009', 'REP', 15, 0),
	('e49', '202010', 'ETP', 17, 0),
	('e49', '202010', 'KM', 381, 0),
	('e49', '202010', 'NUI', 3, 0),
	('e49', '202010', 'REP', 15, 0),
	('e49', '202011', 'ETP', 13, 0),
	('e49', '202011', 'KM', 566, 0),
	('e49', '202011', 'NUI', 8, 0),
	('e49', '202011', 'REP', 13, 0),
	('e49', '202012', 'ETP', 10, 0),
	('e49', '202012', 'KM', 574, 0),
	('e49', '202012', 'NUI', 5, 0),
	('e49', '202012', 'REP', 2, 0),
	('e49', '202101', 'ETP', 14, 0),
	('e49', '202101', 'KM', 734, 0),
	('e49', '202101', 'NUI', 13, 0),
	('e49', '202101', 'REP', 5, 0),
	('e49', '202102', 'ETP', 4, 0),
	('e49', '202102', 'KM', 323, 0),
	('e49', '202102', 'NUI', 7, 0),
	('e49', '202102', 'REP', 17, 0),
	('e49', '202103', 'ETP', 5, 0),
	('e49', '202103', 'KM', 371, 0),
	('e49', '202103', 'NUI', 7, 0),
	('e49', '202103', 'REP', 5, 0),
	('e49', '202104', 'ETP', 14, 0),
	('e49', '202104', 'KM', 856, 0),
	('e49', '202104', 'NUI', 6, 0),
	('e49', '202104', 'REP', 19, 0),
	('e49', '202105', 'ETP', 19, 0),
	('e49', '202105', 'KM', 704, 0),
	('e49', '202105', 'NUI', 4, 0),
	('e49', '202105', 'REP', 8, 0),
	('e49', '202106', 'ETP', 16, 0),
	('e49', '202106', 'KM', 594, 0),
	('e49', '202106', 'NUI', 14, 0),
	('e49', '202106', 'REP', 4, 0),
	('e49', '202107', 'ETP', 13, 0),
	('e49', '202107', 'KM', 855, 0),
	('e49', '202107', 'NUI', 18, 0),
	('e49', '202107', 'REP', 10, 0),
	('e5', '201901', 'ETP', 5, 0),
	('e5', '201901', 'KM', 765, 0),
	('e5', '201901', 'NUI', 9, 0),
	('e5', '201901', 'REP', 4, 0),
	('e5', '201902', 'ETP', 20, 0),
	('e5', '201902', 'KM', 651, 0),
	('e5', '201902', 'NUI', 6, 0),
	('e5', '201902', 'REP', 6, 0),
	('e5', '201903', 'ETP', 16, 0),
	('e5', '201903', 'KM', 492, 0),
	('e5', '201903', 'NUI', 4, 0),
	('e5', '201903', 'REP', 14, 0),
	('e5', '201904', 'ETP', 17, 0),
	('e5', '201904', 'KM', 617, 0),
	('e5', '201904', 'NUI', 2, 0),
	('e5', '201904', 'REP', 11, 0),
	('e5', '201905', 'ETP', 4, 0),
	('e5', '201905', 'KM', 302, 0),
	('e5', '201905', 'NUI', 13, 0),
	('e5', '201905', 'REP', 11, 0),
	('e5', '201906', 'ETP', 19, 0),
	('e5', '201906', 'KM', 577, 0),
	('e5', '201906', 'NUI', 20, 0),
	('e5', '201906', 'REP', 18, 0),
	('e5', '201907', 'ETP', 3, 0),
	('e5', '201907', 'KM', 719, 0),
	('e5', '201907', 'NUI', 14, 0),
	('e5', '201907', 'REP', 9, 0),
	('e5', '201908', 'ETP', 19, 0),
	('e5', '201908', 'KM', 356, 0),
	('e5', '201908', 'NUI', 16, 0),
	('e5', '201908', 'REP', 6, 0),
	('e5', '201909', 'ETP', 8, 0),
	('e5', '201909', 'KM', 868, 0),
	('e5', '201909', 'NUI', 19, 0),
	('e5', '201909', 'REP', 3, 0),
	('e5', '201910', 'ETP', 14, 0),
	('e5', '201910', 'KM', 481, 0),
	('e5', '201910', 'NUI', 6, 0),
	('e5', '201910', 'REP', 6, 0),
	('e5', '201911', 'ETP', 15, 0),
	('e5', '201911', 'KM', 574, 0),
	('e5', '201911', 'NUI', 7, 0),
	('e5', '201911', 'REP', 8, 0),
	('e5', '201912', 'ETP', 18, 0),
	('e5', '201912', 'KM', 775, 0),
	('e5', '201912', 'NUI', 4, 0),
	('e5', '201912', 'REP', 14, 0),
	('e5', '202001', 'ETP', 19, 0),
	('e5', '202001', 'KM', 361, 0),
	('e5', '202001', 'NUI', 9, 0),
	('e5', '202001', 'REP', 19, 0),
	('e5', '202002', 'ETP', 7, 0),
	('e5', '202002', 'KM', 363, 0),
	('e5', '202002', 'NUI', 4, 0),
	('e5', '202002', 'REP', 7, 0),
	('e5', '202003', 'ETP', 16, 0),
	('e5', '202003', 'KM', 757, 0),
	('e5', '202003', 'NUI', 20, 0),
	('e5', '202003', 'REP', 12, 0),
	('e5', '202004', 'ETP', 14, 0),
	('e5', '202004', 'KM', 471, 0),
	('e5', '202004', 'NUI', 2, 0),
	('e5', '202004', 'REP', 18, 0),
	('e5', '202005', 'ETP', 18, 0),
	('e5', '202005', 'KM', 884, 0),
	('e5', '202005', 'NUI', 18, 0),
	('e5', '202005', 'REP', 20, 0),
	('e5', '202006', 'ETP', 16, 0),
	('e5', '202006', 'KM', 924, 0),
	('e5', '202006', 'NUI', 13, 0),
	('e5', '202006', 'REP', 3, 0),
	('e5', '202007', 'ETP', 3, 0),
	('e5', '202007', 'KM', 568, 0),
	('e5', '202007', 'NUI', 17, 0),
	('e5', '202007', 'REP', 19, 0),
	('e5', '202008', 'ETP', 7, 0),
	('e5', '202008', 'KM', 846, 0),
	('e5', '202008', 'NUI', 13, 0),
	('e5', '202008', 'REP', 15, 0),
	('e5', '202009', 'ETP', 4, 0),
	('e5', '202009', 'KM', 333, 0),
	('e5', '202009', 'NUI', 11, 0),
	('e5', '202009', 'REP', 5, 0),
	('e5', '202010', 'ETP', 2, 0),
	('e5', '202010', 'KM', 762, 0),
	('e5', '202010', 'NUI', 15, 0),
	('e5', '202010', 'REP', 12, 0),
	('e5', '202011', 'ETP', 16, 0),
	('e5', '202011', 'KM', 707, 0),
	('e5', '202011', 'NUI', 15, 0),
	('e5', '202011', 'REP', 12, 0),
	('e5', '202012', 'ETP', 16, 0),
	('e5', '202012', 'KM', 497, 0),
	('e5', '202012', 'NUI', 15, 0),
	('e5', '202012', 'REP', 8, 0),
	('e5', '202101', 'ETP', 16, 0),
	('e5', '202101', 'KM', 812, 0),
	('e5', '202101', 'NUI', 6, 0),
	('e5', '202101', 'REP', 14, 0),
	('e5', '202102', 'ETP', 5, 0),
	('e5', '202102', 'KM', 578, 0),
	('e5', '202102', 'NUI', 8, 0),
	('e5', '202102', 'REP', 17, 0),
	('e5', '202103', 'ETP', 17, 0),
	('e5', '202103', 'KM', 474, 0),
	('e5', '202103', 'NUI', 15, 0),
	('e5', '202103', 'REP', 9, 0),
	('e5', '202104', 'ETP', 3, 0),
	('e5', '202104', 'KM', 828, 0),
	('e5', '202104', 'NUI', 9, 0),
	('e5', '202104', 'REP', 14, 0),
	('e5', '202105', 'ETP', 15, 0),
	('e5', '202105', 'KM', 919, 0),
	('e5', '202105', 'NUI', 2, 0),
	('e5', '202105', 'REP', 9, 0),
	('e5', '202106', 'ETP', 5, 0),
	('e5', '202106', 'KM', 372, 0),
	('e5', '202106', 'NUI', 13, 0),
	('e5', '202106', 'REP', 15, 0),
	('e5', '202107', 'ETP', 6, 0),
	('e5', '202107', 'KM', 569, 0),
	('e5', '202107', 'NUI', 17, 0),
	('e5', '202107', 'REP', 10, 0),
	('e52', '201901', 'ETP', 6, 0),
	('e52', '201901', 'KM', 437, 0),
	('e52', '201901', 'NUI', 15, 0),
	('e52', '201901', 'REP', 15, 0),
	('e52', '201902', 'ETP', 2, 0),
	('e52', '201902', 'KM', 653, 0),
	('e52', '201902', 'NUI', 19, 0),
	('e52', '201902', 'REP', 7, 0),
	('e52', '201903', 'ETP', 20, 0),
	('e52', '201903', 'KM', 846, 0),
	('e52', '201903', 'NUI', 11, 0),
	('e52', '201903', 'REP', 9, 0),
	('e52', '201904', 'ETP', 19, 0),
	('e52', '201904', 'KM', 994, 0),
	('e52', '201904', 'NUI', 2, 0),
	('e52', '201904', 'REP', 15, 0),
	('e52', '201905', 'ETP', 6, 0),
	('e52', '201905', 'KM', 724, 0),
	('e52', '201905', 'NUI', 14, 0),
	('e52', '201905', 'REP', 11, 0),
	('e52', '201906', 'ETP', 15, 0),
	('e52', '201906', 'KM', 715, 0),
	('e52', '201906', 'NUI', 19, 0),
	('e52', '201906', 'REP', 10, 0),
	('e52', '201907', 'ETP', 14, 0),
	('e52', '201907', 'KM', 596, 0),
	('e52', '201907', 'NUI', 19, 0),
	('e52', '201907', 'REP', 16, 0),
	('e52', '201908', 'ETP', 2, 0),
	('e52', '201908', 'KM', 344, 0),
	('e52', '201908', 'NUI', 7, 0),
	('e52', '201908', 'REP', 5, 0),
	('e52', '201909', 'ETP', 3, 0),
	('e52', '201909', 'KM', 989, 0),
	('e52', '201909', 'NUI', 4, 0),
	('e52', '201909', 'REP', 20, 0),
	('e52', '201910', 'ETP', 14, 0),
	('e52', '201910', 'KM', 406, 0),
	('e52', '201910', 'NUI', 20, 0),
	('e52', '201910', 'REP', 16, 0),
	('e52', '201911', 'ETP', 5, 0),
	('e52', '201911', 'KM', 325, 0),
	('e52', '201911', 'NUI', 20, 0),
	('e52', '201911', 'REP', 18, 0),
	('e52', '201912', 'ETP', 10, 0),
	('e52', '201912', 'KM', 724, 0),
	('e52', '201912', 'NUI', 15, 0),
	('e52', '201912', 'REP', 19, 0),
	('e52', '202001', 'ETP', 16, 0),
	('e52', '202001', 'KM', 531, 0),
	('e52', '202001', 'NUI', 6, 0),
	('e52', '202001', 'REP', 5, 0),
	('e52', '202002', 'ETP', 2, 0),
	('e52', '202002', 'KM', 424, 0),
	('e52', '202002', 'NUI', 5, 0),
	('e52', '202002', 'REP', 8, 0),
	('e52', '202003', 'ETP', 12, 0),
	('e52', '202003', 'KM', 732, 0),
	('e52', '202003', 'NUI', 13, 0),
	('e52', '202003', 'REP', 14, 0),
	('e52', '202004', 'ETP', 5, 0),
	('e52', '202004', 'KM', 732, 0),
	('e52', '202004', 'NUI', 5, 0),
	('e52', '202004', 'REP', 17, 0),
	('e52', '202005', 'ETP', 7, 0),
	('e52', '202005', 'KM', 753, 0),
	('e52', '202005', 'NUI', 19, 0),
	('e52', '202005', 'REP', 3, 0),
	('e52', '202006', 'ETP', 15, 0),
	('e52', '202006', 'KM', 772, 0),
	('e52', '202006', 'NUI', 10, 0),
	('e52', '202006', 'REP', 4, 0),
	('e52', '202007', 'ETP', 16, 0),
	('e52', '202007', 'KM', 417, 0),
	('e52', '202007', 'NUI', 18, 0),
	('e52', '202007', 'REP', 5, 0),
	('e52', '202008', 'ETP', 7, 0),
	('e52', '202008', 'KM', 368, 0),
	('e52', '202008', 'NUI', 15, 0),
	('e52', '202008', 'REP', 20, 0),
	('e52', '202009', 'ETP', 14, 0),
	('e52', '202009', 'KM', 952, 0),
	('e52', '202009', 'NUI', 5, 0),
	('e52', '202009', 'REP', 15, 0),
	('e52', '202010', 'ETP', 15, 0),
	('e52', '202010', 'KM', 747, 0),
	('e52', '202010', 'NUI', 17, 0),
	('e52', '202010', 'REP', 4, 0),
	('e52', '202011', 'ETP', 17, 0),
	('e52', '202011', 'KM', 781, 0),
	('e52', '202011', 'NUI', 14, 0),
	('e52', '202011', 'REP', 10, 0),
	('e52', '202012', 'ETP', 16, 0),
	('e52', '202012', 'KM', 332, 0),
	('e52', '202012', 'NUI', 9, 0),
	('e52', '202012', 'REP', 8, 0),
	('e52', '202101', 'ETP', 18, 0),
	('e52', '202101', 'KM', 429, 0),
	('e52', '202101', 'NUI', 3, 0),
	('e52', '202101', 'REP', 3, 0),
	('e52', '202102', 'ETP', 3, 0),
	('e52', '202102', 'KM', 349, 0),
	('e52', '202102', 'NUI', 6, 0),
	('e52', '202102', 'REP', 8, 0),
	('e52', '202103', 'ETP', 15, 0),
	('e52', '202103', 'KM', 422, 0),
	('e52', '202103', 'NUI', 3, 0),
	('e52', '202103', 'REP', 9, 0),
	('e52', '202104', 'ETP', 12, 0),
	('e52', '202104', 'KM', 625, 0),
	('e52', '202104', 'NUI', 4, 0),
	('e52', '202104', 'REP', 19, 0),
	('e52', '202105', 'ETP', 20, 0),
	('e52', '202105', 'KM', 585, 0),
	('e52', '202105', 'NUI', 11, 0),
	('e52', '202105', 'REP', 5, 0),
	('e52', '202106', 'ETP', 17, 0),
	('e52', '202106', 'KM', 982, 0),
	('e52', '202106', 'NUI', 17, 0),
	('e52', '202106', 'REP', 17, 0),
	('e52', '202107', 'ETP', 10, 0),
	('e52', '202107', 'KM', 742, 0),
	('e52', '202107', 'NUI', 4, 0),
	('e52', '202107', 'REP', 3, 0),
	('f21', '201901', 'ETP', 14, 0),
	('f21', '201901', 'KM', 545, 0),
	('f21', '201901', 'NUI', 20, 0),
	('f21', '201901', 'REP', 16, 0),
	('f21', '201902', 'ETP', 18, 0),
	('f21', '201902', 'KM', 719, 0),
	('f21', '201902', 'NUI', 13, 0),
	('f21', '201902', 'REP', 20, 0),
	('f21', '201903', 'ETP', 18, 0),
	('f21', '201903', 'KM', 540, 0),
	('f21', '201903', 'NUI', 10, 0),
	('f21', '201903', 'REP', 11, 0),
	('f21', '201904', 'ETP', 2, 0),
	('f21', '201904', 'KM', 339, 0),
	('f21', '201904', 'NUI', 15, 0),
	('f21', '201904', 'REP', 11, 0),
	('f21', '201905', 'ETP', 4, 0),
	('f21', '201905', 'KM', 794, 0),
	('f21', '201905', 'NUI', 19, 0),
	('f21', '201905', 'REP', 16, 0),
	('f21', '201906', 'ETP', 13, 0),
	('f21', '201906', 'KM', 830, 0),
	('f21', '201906', 'NUI', 6, 0),
	('f21', '201906', 'REP', 11, 0),
	('f21', '201907', 'ETP', 6, 0),
	('f21', '201907', 'KM', 428, 0),
	('f21', '201907', 'NUI', 5, 0),
	('f21', '201907', 'REP', 8, 0),
	('f21', '201908', 'ETP', 10, 0),
	('f21', '201908', 'KM', 615, 0),
	('f21', '201908', 'NUI', 19, 0),
	('f21', '201908', 'REP', 13, 0),
	('f21', '201909', 'ETP', 20, 0),
	('f21', '201909', 'KM', 670, 0),
	('f21', '201909', 'NUI', 20, 0),
	('f21', '201909', 'REP', 2, 0),
	('f21', '201910', 'ETP', 5, 0),
	('f21', '201910', 'KM', 921, 0),
	('f21', '201910', 'NUI', 11, 0),
	('f21', '201910', 'REP', 15, 0),
	('f21', '201911', 'ETP', 2, 0),
	('f21', '201911', 'KM', 644, 0),
	('f21', '201911', 'NUI', 2, 0),
	('f21', '201911', 'REP', 10, 0),
	('f21', '201912', 'ETP', 15, 0),
	('f21', '201912', 'KM', 870, 0),
	('f21', '201912', 'NUI', 15, 0),
	('f21', '201912', 'REP', 10, 0),
	('f21', '202001', 'ETP', 4, 0),
	('f21', '202001', 'KM', 875, 0),
	('f21', '202001', 'NUI', 4, 0),
	('f21', '202001', 'REP', 10, 0),
	('f21', '202002', 'ETP', 14, 0),
	('f21', '202002', 'KM', 989, 0),
	('f21', '202002', 'NUI', 8, 0),
	('f21', '202002', 'REP', 14, 0),
	('f21', '202003', 'ETP', 3, 0),
	('f21', '202003', 'KM', 487, 0),
	('f21', '202003', 'NUI', 20, 0),
	('f21', '202003', 'REP', 16, 0),
	('f21', '202004', 'ETP', 17, 0),
	('f21', '202004', 'KM', 401, 0),
	('f21', '202004', 'NUI', 3, 0),
	('f21', '202004', 'REP', 2, 0),
	('f21', '202005', 'ETP', 14, 0),
	('f21', '202005', 'KM', 708, 0),
	('f21', '202005', 'NUI', 8, 0),
	('f21', '202005', 'REP', 4, 0),
	('f21', '202006', 'ETP', 19, 0),
	('f21', '202006', 'KM', 334, 0),
	('f21', '202006', 'NUI', 16, 0),
	('f21', '202006', 'REP', 8, 0),
	('f21', '202007', 'ETP', 11, 0),
	('f21', '202007', 'KM', 660, 0),
	('f21', '202007', 'NUI', 20, 0),
	('f21', '202007', 'REP', 8, 0),
	('f21', '202008', 'ETP', 16, 0),
	('f21', '202008', 'KM', 612, 0),
	('f21', '202008', 'NUI', 3, 0),
	('f21', '202008', 'REP', 7, 0),
	('f21', '202009', 'ETP', 11, 0),
	('f21', '202009', 'KM', 869, 0),
	('f21', '202009', 'NUI', 14, 0),
	('f21', '202009', 'REP', 2, 0),
	('f21', '202010', 'ETP', 3, 0),
	('f21', '202010', 'KM', 358, 0),
	('f21', '202010', 'NUI', 17, 0),
	('f21', '202010', 'REP', 15, 0),
	('f21', '202011', 'ETP', 7, 0),
	('f21', '202011', 'KM', 459, 0),
	('f21', '202011', 'NUI', 3, 0),
	('f21', '202011', 'REP', 3, 0),
	('f21', '202012', 'ETP', 12, 0),
	('f21', '202012', 'KM', 800, 0),
	('f21', '202012', 'NUI', 14, 0),
	('f21', '202012', 'REP', 7, 0),
	('f21', '202101', 'ETP', 15, 0),
	('f21', '202101', 'KM', 658, 0),
	('f21', '202101', 'NUI', 3, 0),
	('f21', '202101', 'REP', 5, 0),
	('f21', '202102', 'ETP', 2, 0),
	('f21', '202102', 'KM', 361, 0),
	('f21', '202102', 'NUI', 9, 0),
	('f21', '202102', 'REP', 17, 0),
	('f21', '202103', 'ETP', 9, 0),
	('f21', '202103', 'KM', 588, 0),
	('f21', '202103', 'NUI', 7, 0),
	('f21', '202103', 'REP', 2, 0),
	('f21', '202104', 'ETP', 5, 0),
	('f21', '202104', 'KM', 967, 0),
	('f21', '202104', 'NUI', 17, 0),
	('f21', '202104', 'REP', 2, 0),
	('f21', '202105', 'ETP', 6, 0),
	('f21', '202105', 'KM', 775, 0),
	('f21', '202105', 'NUI', 12, 0),
	('f21', '202105', 'REP', 11, 0),
	('f21', '202106', 'ETP', 17, 0),
	('f21', '202106', 'KM', 341, 0),
	('f21', '202106', 'NUI', 13, 0),
	('f21', '202106', 'REP', 14, 0),
	('f21', '202107', 'ETP', 18, 0),
	('f21', '202107', 'KM', 344, 0),
	('f21', '202107', 'NUI', 13, 0),
	('f21', '202107', 'REP', 6, 0),
	('f39', '201901', 'ETP', 15, 0),
	('f39', '201901', 'KM', 411, 0),
	('f39', '201901', 'NUI', 13, 0),
	('f39', '201901', 'REP', 10, 0),
	('f39', '201902', 'ETP', 4, 0),
	('f39', '201902', 'KM', 520, 0),
	('f39', '201902', 'NUI', 5, 0),
	('f39', '201902', 'REP', 2, 0),
	('f39', '201903', 'ETP', 11, 0),
	('f39', '201903', 'KM', 300, 0),
	('f39', '201903', 'NUI', 10, 0),
	('f39', '201903', 'REP', 5, 0),
	('f39', '201904', 'ETP', 14, 0),
	('f39', '201904', 'KM', 428, 0),
	('f39', '201904', 'NUI', 2, 0),
	('f39', '201904', 'REP', 14, 0),
	('f39', '201905', 'ETP', 2, 0),
	('f39', '201905', 'KM', 534, 0),
	('f39', '201905', 'NUI', 19, 0),
	('f39', '201905', 'REP', 13, 0),
	('f39', '201906', 'ETP', 8, 0),
	('f39', '201906', 'KM', 594, 0),
	('f39', '201906', 'NUI', 18, 0),
	('f39', '201906', 'REP', 17, 0),
	('f39', '201907', 'ETP', 20, 0),
	('f39', '201907', 'KM', 937, 0),
	('f39', '201907', 'NUI', 18, 0),
	('f39', '201907', 'REP', 10, 0),
	('f39', '201908', 'ETP', 17, 0),
	('f39', '201908', 'KM', 841, 0),
	('f39', '201908', 'NUI', 11, 0),
	('f39', '201908', 'REP', 7, 0),
	('f39', '201909', 'ETP', 5, 0),
	('f39', '201909', 'KM', 635, 0),
	('f39', '201909', 'NUI', 18, 0),
	('f39', '201909', 'REP', 11, 0),
	('f39', '201910', 'ETP', 19, 0),
	('f39', '201910', 'KM', 996, 0),
	('f39', '201910', 'NUI', 14, 0),
	('f39', '201910', 'REP', 17, 0),
	('f39', '201911', 'ETP', 8, 0),
	('f39', '201911', 'KM', 852, 0),
	('f39', '201911', 'NUI', 17, 0),
	('f39', '201911', 'REP', 10, 0),
	('f39', '201912', 'ETP', 8, 0),
	('f39', '201912', 'KM', 882, 0),
	('f39', '201912', 'NUI', 3, 0),
	('f39', '201912', 'REP', 4, 0),
	('f39', '202001', 'ETP', 5, 0),
	('f39', '202001', 'KM', 714, 0),
	('f39', '202001', 'NUI', 10, 0),
	('f39', '202001', 'REP', 3, 0),
	('f39', '202002', 'ETP', 17, 0),
	('f39', '202002', 'KM', 325, 0),
	('f39', '202002', 'NUI', 11, 0),
	('f39', '202002', 'REP', 2, 0),
	('f39', '202003', 'ETP', 12, 0),
	('f39', '202003', 'KM', 745, 0),
	('f39', '202003', 'NUI', 10, 0),
	('f39', '202003', 'REP', 5, 0),
	('f39', '202004', 'ETP', 5, 0),
	('f39', '202004', 'KM', 550, 0),
	('f39', '202004', 'NUI', 16, 0),
	('f39', '202004', 'REP', 6, 0),
	('f39', '202005', 'ETP', 3, 0),
	('f39', '202005', 'KM', 771, 0),
	('f39', '202005', 'NUI', 12, 0),
	('f39', '202005', 'REP', 9, 0),
	('f39', '202006', 'ETP', 3, 0),
	('f39', '202006', 'KM', 683, 0),
	('f39', '202006', 'NUI', 11, 0),
	('f39', '202006', 'REP', 10, 0),
	('f39', '202007', 'ETP', 12, 0),
	('f39', '202007', 'KM', 616, 0),
	('f39', '202007', 'NUI', 13, 0),
	('f39', '202007', 'REP', 13, 0),
	('f39', '202008', 'ETP', 8, 0),
	('f39', '202008', 'KM', 547, 0),
	('f39', '202008', 'NUI', 11, 0),
	('f39', '202008', 'REP', 11, 0),
	('f39', '202009', 'ETP', 16, 0),
	('f39', '202009', 'KM', 806, 0),
	('f39', '202009', 'NUI', 7, 0),
	('f39', '202009', 'REP', 10, 0),
	('f39', '202010', 'ETP', 15, 0),
	('f39', '202010', 'KM', 669, 0),
	('f39', '202010', 'NUI', 12, 0),
	('f39', '202010', 'REP', 3, 0),
	('f39', '202011', 'ETP', 10, 0),
	('f39', '202011', 'KM', 465, 0),
	('f39', '202011', 'NUI', 9, 0),
	('f39', '202011', 'REP', 15, 0),
	('f39', '202012', 'ETP', 18, 0),
	('f39', '202012', 'KM', 873, 0),
	('f39', '202012', 'NUI', 9, 0),
	('f39', '202012', 'REP', 2, 0),
	('f39', '202101', 'ETP', 8, 0),
	('f39', '202101', 'KM', 819, 0),
	('f39', '202101', 'NUI', 14, 0),
	('f39', '202101', 'REP', 5, 0),
	('f39', '202102', 'ETP', 14, 0),
	('f39', '202102', 'KM', 984, 0),
	('f39', '202102', 'NUI', 15, 0),
	('f39', '202102', 'REP', 20, 0),
	('f39', '202103', 'ETP', 5, 0),
	('f39', '202103', 'KM', 993, 0),
	('f39', '202103', 'NUI', 16, 0),
	('f39', '202103', 'REP', 13, 0),
	('f39', '202104', 'ETP', 16, 0),
	('f39', '202104', 'KM', 826, 0),
	('f39', '202104', 'NUI', 8, 0),
	('f39', '202104', 'REP', 15, 0),
	('f39', '202105', 'ETP', 15, 0),
	('f39', '202105', 'KM', 811, 0),
	('f39', '202105', 'NUI', 12, 0),
	('f39', '202105', 'REP', 14, 0),
	('f39', '202106', 'ETP', 19, 0),
	('f39', '202106', 'KM', 926, 0),
	('f39', '202106', 'NUI', 20, 0),
	('f39', '202106', 'REP', 3, 0),
	('f39', '202107', 'ETP', 15, 0),
	('f39', '202107', 'KM', 798, 0),
	('f39', '202107', 'NUI', 15, 0),
	('f39', '202107', 'REP', 4, 0),
	('f4', '201901', 'ETP', 20, 0),
	('f4', '201901', 'KM', 407, 0),
	('f4', '201901', 'NUI', 9, 0),
	('f4', '201901', 'REP', 14, 0),
	('f4', '201902', 'ETP', 20, 0),
	('f4', '201902', 'KM', 780, 0),
	('f4', '201902', 'NUI', 3, 0),
	('f4', '201902', 'REP', 17, 0),
	('f4', '201903', 'ETP', 12, 0),
	('f4', '201903', 'KM', 495, 0),
	('f4', '201903', 'NUI', 8, 0),
	('f4', '201903', 'REP', 8, 0),
	('f4', '201904', 'ETP', 4, 0),
	('f4', '201904', 'KM', 582, 0),
	('f4', '201904', 'NUI', 7, 0),
	('f4', '201904', 'REP', 10, 0),
	('f4', '201905', 'ETP', 11, 0),
	('f4', '201905', 'KM', 316, 0),
	('f4', '201905', 'NUI', 12, 0),
	('f4', '201905', 'REP', 18, 0),
	('f4', '201906', 'ETP', 2, 0),
	('f4', '201906', 'KM', 728, 0),
	('f4', '201906', 'NUI', 5, 0),
	('f4', '201906', 'REP', 16, 0),
	('f4', '201907', 'ETP', 12, 0),
	('f4', '201907', 'KM', 394, 0),
	('f4', '201907', 'NUI', 16, 0),
	('f4', '201907', 'REP', 18, 0),
	('f4', '201908', 'ETP', 9, 0),
	('f4', '201908', 'KM', 343, 0),
	('f4', '201908', 'NUI', 10, 0),
	('f4', '201908', 'REP', 10, 0),
	('f4', '201909', 'ETP', 9, 0),
	('f4', '201909', 'KM', 554, 0),
	('f4', '201909', 'NUI', 16, 0),
	('f4', '201909', 'REP', 6, 0),
	('f4', '201910', 'ETP', 20, 0),
	('f4', '201910', 'KM', 654, 0),
	('f4', '201910', 'NUI', 18, 0),
	('f4', '201910', 'REP', 9, 0),
	('f4', '201911', 'ETP', 18, 0),
	('f4', '201911', 'KM', 621, 0),
	('f4', '201911', 'NUI', 7, 0),
	('f4', '201911', 'REP', 13, 0),
	('f4', '201912', 'ETP', 11, 0),
	('f4', '201912', 'KM', 784, 0),
	('f4', '201912', 'NUI', 5, 0),
	('f4', '201912', 'REP', 5, 0),
	('f4', '202001', 'ETP', 14, 0),
	('f4', '202001', 'KM', 419, 0),
	('f4', '202001', 'NUI', 4, 0),
	('f4', '202001', 'REP', 17, 0),
	('f4', '202002', 'ETP', 15, 0),
	('f4', '202002', 'KM', 558, 0),
	('f4', '202002', 'NUI', 5, 0),
	('f4', '202002', 'REP', 15, 0),
	('f4', '202003', 'ETP', 12, 0),
	('f4', '202003', 'KM', 475, 0),
	('f4', '202003', 'NUI', 19, 0),
	('f4', '202003', 'REP', 13, 0),
	('f4', '202004', 'ETP', 9, 0),
	('f4', '202004', 'KM', 501, 0),
	('f4', '202004', 'NUI', 12, 0),
	('f4', '202004', 'REP', 14, 0),
	('f4', '202005', 'ETP', 6, 0),
	('f4', '202005', 'KM', 613, 0),
	('f4', '202005', 'NUI', 12, 0),
	('f4', '202005', 'REP', 14, 0),
	('f4', '202006', 'ETP', 8, 0),
	('f4', '202006', 'KM', 439, 0),
	('f4', '202006', 'NUI', 3, 0),
	('f4', '202006', 'REP', 16, 0),
	('f4', '202007', 'ETP', 12, 0),
	('f4', '202007', 'KM', 658, 0),
	('f4', '202007', 'NUI', 14, 0),
	('f4', '202007', 'REP', 16, 0),
	('f4', '202008', 'ETP', 5, 0),
	('f4', '202008', 'KM', 898, 0),
	('f4', '202008', 'NUI', 10, 0),
	('f4', '202008', 'REP', 17, 0),
	('f4', '202009', 'ETP', 5, 0),
	('f4', '202009', 'KM', 435, 0),
	('f4', '202009', 'NUI', 3, 0),
	('f4', '202009', 'REP', 15, 0),
	('f4', '202010', 'ETP', 16, 0),
	('f4', '202010', 'KM', 1000, 0),
	('f4', '202010', 'NUI', 12, 0),
	('f4', '202010', 'REP', 12, 0),
	('f4', '202011', 'ETP', 18, 0),
	('f4', '202011', 'KM', 469, 0),
	('f4', '202011', 'NUI', 11, 0),
	('f4', '202011', 'REP', 5, 0),
	('f4', '202012', 'ETP', 17, 0),
	('f4', '202012', 'KM', 572, 0),
	('f4', '202012', 'NUI', 2, 0),
	('f4', '202012', 'REP', 15, 0),
	('f4', '202101', 'ETP', 10, 0),
	('f4', '202101', 'KM', 585, 0),
	('f4', '202101', 'NUI', 14, 0),
	('f4', '202101', 'REP', 19, 0),
	('f4', '202102', 'ETP', 3, 0),
	('f4', '202102', 'KM', 839, 0),
	('f4', '202102', 'NUI', 13, 0),
	('f4', '202102', 'REP', 3, 0),
	('f4', '202103', 'ETP', 13, 0),
	('f4', '202103', 'KM', 608, 0),
	('f4', '202103', 'NUI', 9, 0),
	('f4', '202103', 'REP', 16, 0),
	('f4', '202104', 'ETP', 7, 0),
	('f4', '202104', 'KM', 925, 0),
	('f4', '202104', 'NUI', 4, 0),
	('f4', '202104', 'REP', 8, 0),
	('f4', '202105', 'ETP', 3, 0),
	('f4', '202105', 'KM', 363, 0),
	('f4', '202105', 'NUI', 9, 0),
	('f4', '202105', 'REP', 9, 0),
	('f4', '202106', 'ETP', 6, 0),
	('f4', '202106', 'KM', 655, 0),
	('f4', '202106', 'NUI', 7, 0),
	('f4', '202106', 'REP', 7, 0),
	('f4', '202107', 'ETP', 13, 0),
	('f4', '202107', 'KM', 375, 0),
	('f4', '202107', 'NUI', 9, 0),
	('f4', '202107', 'REP', 13, 0);
/*!40000 ALTER TABLE `lignefraisforfait` ENABLE KEYS */;

-- Listage de la structure de la table gsblaravel. visiteur
CREATE TABLE IF NOT EXISTS `visiteur` (
  `id` char(4) NOT NULL,
  `nom` char(30) DEFAULT NULL,
  `prenom` char(30) DEFAULT NULL,
  `login` char(20) DEFAULT NULL,
  `mdp` char(20) DEFAULT NULL,
  `adresse` char(30) DEFAULT NULL,
  `cp` char(5) DEFAULT NULL,
  `ville` char(30) DEFAULT NULL,
  `dateEmbauche` date DEFAULT NULL,
  `Archivage` int(11) DEFAULT '0',
  PRIMARY KEY (`id`)
) ENGINE=InnoDB DEFAULT CHARSET=latin1;

-- Listage des données de la table gsblaravel.visiteur : ~27 rows (environ)
DELETE FROM `visiteur`;
/*!40000 ALTER TABLE `visiteur` DISABLE KEYS */;
INSERT INTO `visiteur` (`id`, `nom`, `prenom`, `login`, `mdp`, `adresse`, `cp`, `ville`, `dateEmbauche`, `Archivage`) VALUES
	('a131', 'Villechalane', 'Louis', 'lvillachane', 'jux7g', '8 rue des Charmes', '46000', 'Cahors', '2015-12-21', 1),
	('a17', 'Andre', 'David', 'dandre', 'oppg5', '1 rue Petit', '46200', 'Lalbenque', '2008-11-23', 1),
	('a55', 'Bedos', 'Christian', 'cbedos', 'gmhxd', '1 rue Peranud', '46250', 'Montcuq', '2005-01-12', 1),
	('a93', 'Tusseau', 'Louis', 'ltusseau', 'ktp3s', '22 rue des Ternes', '46123', 'Gramat', '2010-05-01', 1),
	('b13', 'Bentot', 'Pascal', 'pbentot', 'doyw1', '11 allée des Cerises', '46512', 'Bessines', '2002-07-09', 1),
	('b16', 'Bioret', 'Luc', 'lbioret', 'hrjfs', '1 Avenue gambetta', '46000', 'Cahors', '2008-05-11', 1),
	('b19', 'Bunisset', 'Francis', 'fbunisset', '4vbnd', '10 rue des Perles', '93100', 'Montreuil', '1997-10-21', 0),
	('b25', 'Bunisset', 'Denise', 'dbunisset', 's1y1r', '23 rue Manin', '75019', 'paris', '2020-12-05', 1),
	('b28', 'Cacheux', 'Bernard', 'bcacheux', 'uf7r3', '114 rue Blanche', '75017', 'Paris', '2019-11-12', 1),
	('b34', 'Cadic', 'Eric', 'ecadic', '6u8dc', '123 avenue de la République', '75011', 'Paris', '2018-09-23', 1),
	('b4', 'Charoze', 'Catherine', 'ccharoze', 'u817o', '100 rue Petit', '75019', 'Paris', '2015-11-12', 0),
	('b50', 'Clepkens', 'Christophe', 'cclepkens', 'bw1us', '12 allée des Anges', '93230', 'Romainville', '2013-08-11', 0),
	('b59', 'Cottin', 'Vincenne', 'vcottin', '2hoh9', '36 rue Des Roches', '93100', 'Monteuil', '2011-11-18', 0),
	('c14', 'Daburon', 'François', 'fdaburon', '7oqpv', '13 rue de Chanzy', '94000', 'Créteil', '2012-02-11', 0),
	('c3', 'De', 'Philippe', 'pde', 'gk9kx', '13 rue Barthes', '94000', 'Créteil', '2020-12-14', 0),
	('c54', 'Debelle', 'Michel', 'mdebelle', 'od5rt', '181 avenue Barbusse', '93210', 'Rosny', '2016-11-23', 0),
	('d13', 'Debelle', 'Jeanne', 'jdebelle', 'nvwqq', '134 allée des Joncs', '44000', 'Nantes', '2010-05-11', 0),
	('d51', 'Debroise', 'Michel', 'mdebroise', 'sghkb', '2 Bld Jourdain', '44000', 'Nantes', '2011-04-17', 0),
	('e22', 'Desmarquest', 'Nathalie', 'ndesmarquest', 'f1fob', '14 Place d Arc', '45000', 'Orléans', '2015-11-12', 0),
	('e24', 'Desnost', 'Pierre', 'pdesnost', '4k2o5', '16 avenue des Cèdres', '23200', 'Guéret', '2011-02-05', 0),
	('e39', 'Dudouit', 'Frédéric', 'fdudouit', '44im8', '18 rue de l église', '23120', 'GrandBourg', '2010-08-01', 0),
	('e49', 'Duncombe', 'Claude', 'cduncombe', 'qf77j', '19 rue de la tour', '23100', 'La souteraine', '1997-10-10', 0),
	('e5', 'Enault-Pascreau', 'Céline', 'cenault', 'y2qdu', '25 place de la gare', '23200', 'Gueret', '2005-09-01', 0),
	('e52', 'Eynde', 'Valérie', 'veynde', 'i7sn3', '3 Grand Place', '13015', 'Marseille', '2009-11-01', 0),
	('f21', 'Finck', 'Jacques', 'jfinck', 'mpb3t', '10 avenue du Prado', '13002', 'Marseille', '2011-11-10', 0),
	('f39', 'Frémont', 'Fernande', 'ffremont', 'xs5tq', '4 route de la mer', '13012', 'Allauh', '2008-10-01', 0),
	('f4', 'Gest', 'Alain', 'agest', 'dywvt', '30 avenue de la mer', '13025', 'Berre', '1995-11-01', 0);
/*!40000 ALTER TABLE `visiteur` ENABLE KEYS */;

/*!40101 SET SQL_MODE=IFNULL(@OLD_SQL_MODE, '') */;
/*!40014 SET FOREIGN_KEY_CHECKS=IFNULL(@OLD_FOREIGN_KEY_CHECKS, 1) */;
/*!40101 SET CHARACTER_SET_CLIENT=@OLD_CHARACTER_SET_CLIENT */;
/*!40111 SET SQL_NOTES=IFNULL(@OLD_SQL_NOTES, 1) */;
